region,region_label,finger_group,quad_id,tri0,tri1,v0,v0_x,v0_y,v0_z,v1,v1_x,v1_y,v1_z,v2,v2_x,v2_y,v2_z,v3,v3_x,v3_y,v3_z,center_x,center_y,center_z,normal_x,normal_y,normal_z,area,region_u,region_v
thumb,??,thumb,3268,6536,6537,3811,3.2903730869293213,0.9655861854553223,0.7615612149238586,4013,3.246417284011841,1.0089207887649536,0.883930504322052,4014,3.430849552154541,1.1248979568481445,0.8789957761764526,4015,3.4730019569396973,1.0838580131530762,0.7624743580818176,3.36016047000885,1.0458157360553741,0.8217404633760452,0.48610591302510303,-0.7541324664551545,0.4415713581747535,0.028954198324164328,1.0,0.011440697456863947
thumb,??,thumb,3266,6532,6533,4011,3.1932363510131836,1.0810238122940063,0.983194887638092,4013,3.246417284011841,1.0089207887649536,0.883930504322052,4014,3.430849552154541,1.1248979568481445,0.8789957761764526,3722,3.3812026977539062,1.1873339414596558,0.9758581519126892,3.312926471233368,1.10054412484169,0.9304948300123215,0.40434787456842886,-0.6414117784458723,0.6519921217337654,0.027986977483765517,0.9411116357495994,0.0052454991647118785
thumb,??,thumb,3269,6538,6539,4016,3.644932746887207,1.2135437726974487,0.7635327577590942,4015,3.4730019569396973,1.0838580131530762,0.7624743580818176,4014,3.430849552154541,1.1248979568481445,0.8789957761764526,3725,3.6059529781341553,1.250349998474121,0.874034583568573,3.5386843085289,1.1681624352931976,0.8197593688964844,0.5354637766428777,-0.721616689386569,0.4388028002441578,0.027186235540408128,0.9709526189940011,0.07992809829295917
thumb,??,thumb,3264,6528,6529,3720,3.326227903366089,1.267399549484253,1.053757667541504,3722,3.3812026977539062,1.1873339414596558,0.9758581519126892,4011,3.1932363510131836,1.0810238122940063,0.983194887638092,3719,3.1378519535064697,1.1644083261489868,1.066907286643982,3.259629726409912,1.1750414073467255,1.0199294984340668,0.3397713379339222,-0.5352436015478275,0.773349678296114,0.027354031272795603,0.8649236463379736,1.4233728973953152e-16
thumb,??,thumb,3267,6534,6535,3723,3.5600426197052,1.3064740896224976,0.9678342342376709,3725,3.6059529781341553,1.250349998474121,0.874034583568573,4014,3.430849552154541,1.1248979568481445,0.8789957761764526,3722,3.3812026977539062,1.1873339414596558,0.9758581519126892,3.4945119619369507,1.2172639966011047,0.9241806864738464,0.45978830482104655,-0.6322427296209928,0.6235894848305129,0.026197519369829163,0.9174707081185315,0.0738497622776667
thumb,??,thumb,2982,5964,5965,3721,3.5078296661376953,1.3809207677841187,1.0423706769943237,3720,3.326227903366089,1.267399549484253,1.053757667541504,3722,3.3812026977539062,1.1873339414596558,0.9758581519126892,3723,3.5600426197052,1.3064740896224976,0.9678342342376709,3.4438257217407227,1.2855320870876312,1.009955182671547,0.3705516882586604,-0.5092584548608402,0.7767543192550692,0.025951745554536207,0.8469866703119611,0.06850790950549139
thumb,??,thumb,3270,6540,6541,4016,3.644932746887207,1.2135437726974487,0.7635327577590942,3728,3.8118960857391357,1.347451090812683,0.7677918672561646,3726,3.7760298252105713,1.3796478509902954,0.8726544380187988,3725,3.6059529781341553,1.250349998474121,0.874034583568573,3.7097029089927673,1.297748178243637,0.8195034116506577,0.5556037794911971,-0.7160848452537159,0.42252447812293575,0.02541861453229269,0.933661844191684,0.14723162536935774
thumb,??,thumb,2985,5970,5971,3724,3.735476016998291,1.4286750555038452,0.96342933177948,3723,3.5600426197052,1.3064740896224976,0.9678342342376709,3725,3.6059529781341553,1.250349998474121,0.874034583568573,3726,3.7760298252105713,1.3796478509902954,0.8726544380187988,3.6693753600120544,1.3412867486476898,0.9194881469011307,0.4802853396030383,-0.646175264452229,0.5931134125717327,0.02448782297720792,0.8858203997750378,0.14150584721898407
thumb,??,thumb,2980,5960,5961,3721,3.5078296661376953,1.3809207677841187,1.0423706769943237,3720,3.326227903366089,1.267399549484253,1.053757667541504,3718,3.26708722114563,1.3624860048294067,1.1064592599868774,3339,3.450761079788208,1.469459891319275,1.0954101085662842,3.3879764676094055,1.3700665533542633,1.0744994282722473,0.2659385041630724,-0.34912759322298703,0.8985469579570297,0.02579393625336559,0.7622050498335448,0.06389694662917174
thumb,??,thumb,2983,5966,5967,3721,3.5078296661376953,1.3809207677841187,1.0423706769943237,3723,3.5600426197052,1.3064740896224976,0.9678342342376709,3724,3.735476016998291,1.4286750555038452,0.96342933177948,3344,3.686713933944702,1.4981727600097656,1.0344053506851196,3.622515559196472,1.4035606682300568,1.0020098984241486,0.37527238973631133,-0.5154926524885336,0.7703492446494212,0.024398663999410396,0.8212997695998911,0.13645219658638377
thumb,??,thumb,2988,5976,5977,3728,3.8118960857391357,1.347451090812683,0.7677918672561646,3726,3.7760298252105713,1.3796478509902954,0.8726544380187988,3727,3.9533133506774902,1.4962002038955688,0.8802593946456909,3729,3.985525608062744,1.4680464267730713,0.7799258828163147,3.8816912174224854,1.4228363931179047,0.8251578956842422,0.499645210482644,-0.7720342700739543,0.39283297910579135,0.023755008563798162,0.9001589130949257,0.21420038921765483
thumb,??,thumb,2986,5972,5973,3724,3.735476016998291,1.4286750555038452,0.96342933177948,3726,3.7760298252105713,1.3796478509902954,0.8726544380187988,3727,3.9533133506774902,1.4962002038955688,0.8802593946456909,3349,3.9166994094848633,1.540855884552002,0.9687984585762024,3.845379650592804,1.4613447487354279,0.921285405755043,0.43241180070354185,-0.7093197034870301,0.556673686154997,0.023014301460499292,0.8576125274162741,0.20894972383119348
thumb,??,thumb,2978,5956,5957,3718,3.26708722114563,1.3624860048294067,1.1064592599868774,3339,3.450761079788208,1.469459891319275,1.0954101085662842,3335,3.3897271156311035,1.5714292526245117,1.1215559244155884,3334,3.2037768363952637,1.4705429077148438,1.1376863718032837,3.3278380632400513,1.4684795141220093,1.1152779161930084,0.1656211168024284,-0.1674320167305119,0.9718725047261445,0.026621426043735373,0.6652665798256049,0.05994317954223833
thumb,??,thumb,2981,5962,5963,3721,3.5078296661376953,1.3809207677841187,1.0423706769943237,3344,3.686713933944702,1.4981727600097656,1.0344053506851196,3340,3.6344337463378906,1.5797616243362427,1.0887532234191895,3339,3.450761079788208,1.469459891319275,1.0954101085662842,3.569934606552124,1.4820787608623505,1.0652348399162292,0.2746191422184339,-0.380809678226226,0.8829316596976515,0.024518047864729983,0.7422969748232936,0.13196464772939553
thumb,??,thumb,2984,5968,5969,3345,3.8711955547332764,1.607478141784668,1.0371205806732178,3349,3.9166994094848633,1.540855884552002,0.9687984585762024,3724,3.735476016998291,1.4286750555038452,0.96342933177948,3344,3.686713933944702,1.4981727600097656,1.0344053506851196,3.802521228790283,1.5187954604625702,1.000938430428505,0.32174178634086376,-0.5591312908150468,0.764103672647691,0.023118172510102224,0.7982234576745758,0.20439529657381741
thumb,??,thumb,2989,5978,5979,3730,4.168223857879639,1.574030876159668,0.7966078519821167,3729,3.985525608062744,1.4680464267730713,0.7799258828163147,3727,3.9533133506774902,1.4962002038955688,0.8802593946456909,3354,4.138028621673584,1.6004133224487305,0.8939170837402344,4.061272859573364,1.5346727073192596,0.8376775532960892,0.43937623259370123,-0.8207175020994953,0.36520036689375096,0.022697113690731803,0.8795270905091057,0.28155529956577696
thumb,??,thumb,2987,5974,5975,3350,4.10301399230957,1.6425158977508545,0.9819943904876709,3354,4.138028621673584,1.6004133224487305,0.8939170837402344,3727,3.9533133506774902,1.4962002038955688,0.8802593946456909,3349,3.9166994094848633,1.540855884552002,0.9687984585762024,4.027763843536377,1.569996327161789,0.9312423318624496,0.38260818618686987,-0.7583789266844027,0.5277048222480131,0.0222376756829145,0.8404269900242652,0.2766807707929785
thumb,??,thumb,2624,5248,5249,3336,3.5787100791931152,1.6752235889434814,1.1144129037857056,3335,3.3897271156311035,1.5714292526245117,1.1215559244155884,3339,3.450761079788208,1.469459891319275,1.0954101085662842,3340,3.6344337463378906,1.5797616243362427,1.0887532234191895,3.5134080052375793,1.5739685893058777,1.105033040046692,0.13666200922527735,-0.1750265892268478,0.9750329165203228,0.02527439079220116,0.6516487132869742,0.12816445786119998
thumb,??,thumb,2621,5242,5243,3331,3.3297836780548096,1.682546854019165,1.1232860088348389,3330,3.1386640071868896,1.5912035703659058,1.137589693069458,3334,3.2037768363952637,1.4705429077148438,1.1376863718032837,3335,3.3897271156311035,1.5714292526245117,1.1215559244155884,3.2654879093170166,1.5789306461811066,1.1300294995307922,0.06594727209472107,0.028552880747995772,0.9974145027541237,0.027932228459315554,0.5583280861169053,0.056996668379611495
thumb,??,thumb,2627,5254,5255,3344,3.686713933944702,1.4981727600097656,1.0344053506851196,3340,3.6344337463378906,1.5797616243362427,1.0887532234191895,3341,3.8221333026885986,1.6855913400650024,1.088894248008728,3345,3.8711955547332764,1.607478141784668,1.0371205806732178,3.753619134426117,1.5927509665489197,1.0622933506965637,0.2401052030841236,-0.4269538597491903,0.8718141390785084,0.023296369549490374,0.7240365511488316,0.20034918794482562
thumb,??,thumb,2630,5260,5261,3346,4.058049201965332,1.7086056470870972,1.0482748746871948,3345,3.8711955547332764,1.607478141784668,1.0371205806732178,3349,3.9166994094848633,1.540855884552002,0.9687984585762024,3350,4.10301399230957,1.6425158977508545,0.9819943904876709,3.9872395396232605,1.6248638927936554,1.0090470761060715,0.27015291549483983,-0.5886243720860792,0.7619309357388678,0.022269385986622817,0.7838552243404396,0.2724490957794946
thumb,??,thumb,2990,5980,5981,3730,4.168223857879639,1.574030876159668,0.7966078519821167,3359,4.351578235626221,1.672532558441162,0.8182874321937561,3355,4.32065486907959,1.6990000009536743,0.9127188324928284,3354,4.138028621673584,1.6004133224487305,0.8939170837402344,4.244621396064758,1.6364941895008087,0.8553828001022339,0.41073082220871865,-0.8369769784971085,0.361620974438155,0.02169997795681121,0.8679103483293277,0.3486306623874518
thumb,??,thumb,2633,5266,5267,3354,4.138028621673584,1.6004133224487305,0.8939170837402344,3350,4.10301399230957,1.6425158977508545,0.9819943904876709,3351,4.284845352172852,1.7402863502502441,1.0010957717895508,3355,4.32065486907959,1.6990000009536743,0.9127188324928284,4.211635708808899,1.6705538928508759,0.9474315196275711,0.36499657223097925,-0.7765906673210026,0.5135021301704163,0.021566954921443976,0.8299652994749849,0.3437347435426837
thumb,??,thumb,2622,5244,5245,3336,3.5787100791931152,1.6752235889434814,1.1144129037857056,3335,3.3897271156311035,1.5714292526245117,1.1215559244155884,3331,3.3297836780548096,1.682546854019165,1.1232860088348389,3332,3.524515151977539,1.779114007949829,1.119055151939392,3.455684006214142,1.6770784258842468,1.1195774972438812,0.03530115681867305,-0.010877581529032695,0.9993175203844585,0.02636364701754045,0.5519920862479735,0.1255534630340787
thumb,??,thumb,2625,5250,5251,3336,3.5787100791931152,1.6752235889434814,1.1144129037857056,3340,3.6344337463378906,1.5797616243362427,1.0887532234191895,3341,3.8221333026885986,1.6855913400650024,1.088894248008728,3337,3.7703466415405273,1.775631070137024,1.115073800086975,3.701405942440033,1.6790519058704376,1.1017835438251495,0.11072830334811905,-0.20744405216782622,0.9719599827450918,0.023803797799049252,0.6392177744289359,0.19703381360285904
thumb,??,thumb,2628,5256,5257,3346,4.058049201965332,1.7086056470870972,1.0482748746871948,3345,3.8711955547332764,1.607478141784668,1.0371205806732178,3341,3.8221333026885986,1.6855913400650024,1.088894248008728,3342,4.010690689086914,1.7847400903701782,1.1006916761398315,3.9405171871185303,1.6966038048267365,1.068745344877243,0.19407417165795665,-0.4629034875594255,0.8649020621438005,0.022320648242043183,0.7121489373668585,0.26873132508224495
thumb,??,thumb,2631,5262,5263,3346,4.058049201965332,1.7086056470870972,1.0482748746871948,3350,4.10301399230957,1.6425158977508545,0.9819943904876709,3351,4.284845352172852,1.7402863502502441,1.0010957717895508,3347,4.241903305053711,1.8033777475357056,1.0687506198883057,4.171952962875366,1.7236964106559753,1.0250289142131805,0.24204869023606834,-0.6141152827470807,0.7511823021420811,0.02135844723009246,0.7750159668582827,0.33951076485384457
thumb,??,thumb,2634,5268,5269,3356,4.5042572021484375,1.7838187217712402,0.9447181224822998,3355,4.32065486907959,1.6990000009536743,0.9127188324928284,3351,4.284845352172852,1.7402863502502441,1.0010957717895508,3352,4.468113422393799,1.825507640838623,1.0311393737792969,4.394467711448669,1.7621531784534454,0.972418025135994,0.2910314839705441,-0.8123232921139117,0.5054023589449491,0.021110596432258957,0.8259753217097676,0.40926083096933025
thumb,??,thumb,2623,5246,5247,3336,3.5787100791931152,1.6752235889434814,1.1144129037857056,3337,3.7703466415405273,1.775631070137024,1.115073800086975,3338,3.7209157943725586,1.8728883266448975,1.1201926469802856,3332,3.524515151977539,1.779114007949829,1.119055151939392,3.648621916770935,1.775714248418808,1.1171836256980896,0.015607260690952763,-0.04044096163288555,0.9990600292454563,0.024567050056408593,0.5462731655224744,0.1949716554861217
thumb,??,thumb,2626,5252,5253,3341,3.8221333026885986,1.6855913400650024,1.088894248008728,3342,4.010690689086914,1.7847400903701782,1.1006916761398315,3343,3.9619343280792236,1.8699530363082886,1.1325647830963135,3337,3.7703466415405273,1.775631070137024,1.115073800086975,3.891276240348816,1.7789788842201233,1.109306126832962,0.06788188919924568,-0.2784142249233496,0.9580592719028775,0.022475536968116272,0.6314042003369531,0.26573979286884414
thumb,??,thumb,2620,5240,5241,3331,3.3297836780548096,1.682546854019165,1.1232860088348389,3332,3.524515151977539,1.779114007949829,1.119055151939392,3333,3.475651979446411,1.8894847631454468,1.1008236408233643,3327,3.2742581367492676,1.804322361946106,1.1041450500488281,3.401052236557007,1.7888669967651367,1.1118274629116058,-0.04493270648178217,0.13905374173199075,0.9892649335736889,0.028033601826252072,0.4468185584243087,0.1250268545037676
thumb,??,thumb,2629,5258,5259,3346,4.058049201965332,1.7086056470870972,1.0482748746871948,3347,4.241903305053711,1.8033777475357056,1.0687506198883057,3348,4.196783065795898,1.8768491744995117,1.124062180519104,3342,4.010690689086914,1.7847400903701782,1.1006916761398315,4.126856565475464,1.7933931648731232,1.085444837808609,0.15791757249342667,-0.5108719139096071,0.8450277675178007,0.021492441714647068,0.705458517295568,0.33598445414939415
thumb,??,thumb,2632,5264,5265,3353,4.427242755889893,1.8852413892745972,1.1041250228881836,3352,4.468113422393799,1.825507640838623,1.0311393737792969,3351,4.284845352172852,1.7402863502502441,1.0010957717895508,3347,4.241903305053711,1.8033777475357056,1.0687506198883057,4.3555262088775635,1.8136032819747925,1.0512776970863342,0.1843156873510619,-0.6832488341798673,0.7065399903672528,0.020987624941215303,0.7725872536408189,0.4050199455165896
thumb,??,thumb,2635,5270,5271,3356,4.5042572021484375,1.7838187217712402,0.9447181224822998,3357,4.687151908874512,1.8658326864242554,0.9823326468467712,3358,4.653537750244141,1.9050664901733398,1.0706754922866821,3352,4.468113422393799,1.825507640838623,1.0311393737792969,4.578265070915222,1.8450563848018646,1.0072164088487625,0.26220059654014555,-0.8315358256946014,0.4896927789547131,0.020974664460179628,0.8289807613445477,0.47387604465272004
thumb,??,thumb,6544,13088,13089,3337,3.7703466415405273,1.775631070137024,1.115073800086975,3338,3.7209157943725586,1.8728883266448975,1.1201926469802856,7365,3.914011001586914,1.963075041770935,1.1435343027114868,3343,3.9619343280792236,1.8699530363082886,1.1325647830963135,3.841801941394806,1.8703868687152863,1.1278413832187653,-0.05229417050948754,-0.11061365637000961,0.9924867448763142,0.022983960236324073,0.5436709330335451,0.26391738604766196
thumb,??,thumb,6541,13082,13083,7363,4.151159763336182,1.9604718685150146,1.1578478813171387,3343,3.9619343280792236,1.8699530363082886,1.1325647830963135,3342,4.010690689086914,1.7847400903701782,1.1006916761398315,3348,4.196783065795898,1.8768491744995117,1.124062180519104,4.080141961574554,1.8730035424232483,1.128791630268097,0.04400455925210445,-0.34063504098103065,0.939165250433,0.02145804845248809,0.6277392712022019,0.33334652300775525
thumb,??,thumb,6547,13094,13095,3332,3.524515151977539,1.779114007949829,1.119055151939392,3333,3.475651979446411,1.8894847631454468,1.1008236408233643,7367,3.6758999824523926,1.9748677015304565,1.105823040008545,3338,3.7209157943725586,1.8728883266448975,1.1201926469802856,3.5992457270622253,1.8790886998176575,1.1114736199378967,-0.07000363601535481,0.12106828756814973,0.9901726923572197,0.02551453582698436,0.44942880830995147,0.19481608354085195
thumb,??,thumb,6538,13076,13077,7361,4.384128570556641,1.9595682621002197,1.1597797870635986,3348,4.196783065795898,1.8768491744995117,1.124062180519104,3347,4.241903305053711,1.8033777475357056,1.0687506198883057,3353,4.427242755889893,1.8852413892745972,1.1041250228881836,4.312514424324036,1.8812591433525085,1.114179402589798,0.09157348258891802,-0.5623467469144197,0.821815328112896,0.021173876622505215,0.7053425388876755,0.4018183238036579
thumb,??,thumb,6535,13070,13071,3352,4.468113422393799,1.825507640838623,1.0311393737792969,3353,4.427242755889893,1.8852413892745972,1.1041250228881836,7359,4.616002082824707,1.960270643234253,1.146896243095398,3358,4.653537750244141,1.9050664901733398,1.0706754922866821,4.541224002838135,1.8940215408802032,1.0882090330123901,0.16142473884537473,-0.7389899028673049,0.654091719217476,0.021082073978271325,0.7781783296166636,0.469845675099272
thumb,??,thumb,6550,13100,13101,7369,3.4370193481445312,2.0022013187408447,1.0596376657485962,3328,3.2299270629882812,1.9309163093566895,1.0613185167312622,3327,3.2742581367492676,1.804322361946106,1.1041450500488281,3333,3.475651979446411,1.8894847631454468,1.1008236408233643,3.354214131832123,1.9067311882972717,1.0814812183380127,-0.10239769915314859,0.2977098124033816,0.9491488707293942,0.029169682764426275,0.3398155721523908,0.12759069864156578
thumb,??,thumb,6532,13064,13065,3357,4.687151908874512,1.8658326864242554,0.9823326468467712,3358,4.653537750244141,1.9050664901733398,1.0706754922866821,7357,4.8422722816467285,1.9842157363891602,1.1033037900924683,3363,4.8703742027282715,1.9474369287490845,1.0141078233718872,4.763334035873413,1.92563796043396,1.0426049381494522,0.28424521504908135,-0.8416514912441362,0.4591594766616751,0.02080100458810459,0.834219926686509,0.5385419004652936
thumb,??,thumb,6534,13068,13069,7361,4.384128570556641,1.9595682621002197,1.1597797870635986,7360,4.575991153717041,2.0346293449401855,1.202844500541687,7359,4.616002082824707,1.960270643234253,1.146896243095398,3353,4.427242755889893,1.8852413892745972,1.1041250228881836,4.50084114074707,1.9599274098873138,1.1534113883972168,0.04684284526104228,-0.5827641143676962,0.8112901668657676,0.02128381543028624,0.7132205600030816,0.46716631213294335
thumb,??,thumb,6537,13074,13075,7361,4.384128570556641,1.9595682621002197,1.1597797870635986,7362,4.341506004333496,2.042905807495117,1.195878267288208,7363,4.151159763336182,1.9604718685150146,1.1578478813171387,3348,4.196783065795898,1.8768491744995117,1.124062180519104,4.268394351005554,1.9599487781524658,1.1593920290470123,-0.009148278543950911,-0.39020359548230465,0.9206831502055222,0.021082003655538556,0.6292639850128326,0.39980622233515206
thumb,??,thumb,6540,13080,13081,7363,4.151159763336182,1.9604718685150146,1.1578478813171387,7364,4.106472015380859,2.051504611968994,1.1692862510681152,7365,3.914011001586914,1.963075041770935,1.1435343027114868,3343,3.9619343280792236,1.8699530363082886,1.1325647830963135,4.033394277095795,1.961251139640808,1.1508083045482635,-0.061207651384862644,-0.1508378984573756,0.9866618224097411,0.02200916243458463,0.5434062566058129,0.3318815801794794
thumb,??,thumb,6543,13086,13087,7365,3.914011001586914,1.963075041770935,1.1435343027114868,7366,3.8709492683410645,2.0607781410217285,1.1275635957717896,7367,3.6758999824523926,1.9748677015304565,1.105823040008545,3338,3.7209157943725586,1.8728883266448975,1.1201926469802856,3.7954440116882324,1.9679023027420044,1.1242783963680267,-0.15189725703523457,0.08265361706441529,0.9849343139983198,0.02361119084814081,0.45239483295747634,0.26383431078558733
thumb,??,thumb,6531,13062,13063,7357,4.8422722816467285,1.9842157363891602,1.1033037900924683,7358,4.809913635253906,2.0388176441192627,1.1776974201202393,7359,4.616002082824707,1.960270643234253,1.146896243095398,3358,4.653537750244141,1.9050664901733398,1.0706754922866821,4.730431437492371,1.972092628479004,1.124643236398697,0.20139923873348067,-0.7446462790720124,0.6363491696402072,0.020837230979705725,0.7868308433405622,0.5353671318746192
thumb,??,thumb,6546,13092,13093,7369,3.4370193481445312,2.0022013187408447,1.0596376657485962,7368,3.639648914337158,2.0769710540771484,1.0672210454940796,7367,3.6758999824523926,1.9748677015304565,1.105823040008545,3333,3.475651979446411,1.8894847631454468,1.1008236408233643,3.5570550560951233,1.9858812093734741,1.0833763480186462,-0.14812634033528246,0.2985486589414896,0.9428294042631012,0.026128858261717715,0.3525666780940396,0.19721086038141675
thumb,??,thumb,6528,13056,13057,7355,5.054854393005371,2.030626058578491,1.0331954956054688,7356,5.034575939178467,2.063575267791748,1.120572805404663,7357,4.8422722816467285,1.9842157363891602,1.1033037900924683,3363,4.8703742027282715,1.9474369287490845,1.0141078233718872,4.9505192041397095,2.006463497877121,1.0677949786186218,0.3242242135655262,-0.846149614661603,0.422976936659479,0.020184488178650574,0.8400368156011448,0.6038544337293468
thumb,??,thumb,6549,13098,13099,7369,3.4370193481445312,2.0022013187408447,1.0596376657485962,7370,3.4125373363494873,2.1070950031280518,1.0017852783203125,7371,3.2029099464416504,2.0502922534942627,0.9977850914001465,3328,3.2299270629882812,1.9309163093566895,1.0613185167312622,3.3205984234809875,2.022626221179962,1.0301316380500793,-0.14193740847454983,0.44577431963181785,0.883820699029118,0.02830241795230653,0.23909252219200125,0.1337167799312641
thumb,??,thumb,6533,13066,13067,2779,4.775063991546631,2.111452102661133,1.232405185699463,7358,4.809913635253906,2.0388176441192627,1.1776974201202393,7359,4.616002082824707,1.960270643234253,1.146896243095398,7360,4.575991153717041,2.0346293449401855,1.202844500541687,4.694242715835571,2.0362924337387085,1.1899608373641968,0.09812064120852111,-0.5661497240080734,0.8184417082324259,0.021198003457703153,0.7246916673756251,0.5336696419297059
thumb,??,thumb,6536,13072,13073,2776,4.53677225112915,2.1191916465759277,1.239111304283142,7360,4.575991153717041,2.0346293449401855,1.202844500541687,7361,4.384128570556641,1.9595682621002197,1.1597797870635986,7362,4.341506004333496,2.042905807495117,1.195878267288208,4.459599494934082,2.0390737652778625,1.199403464794159,-0.04159463933275219,-0.4124921777943563,0.9100110379755004,0.021259525901420565,0.6378323597330028,0.4660509105954764
thumb,??,thumb,6539,13078,13079,7363,4.151159763336182,1.9604718685150146,1.1578478813171387,7362,4.341506004333496,2.042905807495117,1.195878267288208,2773,4.300559043884277,2.1340253353118896,1.2088927030563354,7364,4.106472015380859,2.051504611968994,1.1692862510681152,4.224924206733704,2.047226905822754,1.1829762756824493,-0.1171790095392631,-0.18604760016427815,0.9755282518699857,0.02156593057539996,0.5468555524239969,0.39915837369397306
thumb,??,thumb,6530,13060,13061,7357,4.8422722816467285,1.9842157363891602,1.1033037900924683,7356,5.034575939178467,2.063575267791748,1.120572805404663,2782,5.0073394775390625,2.119939088821411,1.1885578632354736,7358,4.809913635253906,2.0388176441192627,1.1776974201202393,4.923525333404541,2.0516369342803955,1.147532969713211,0.24571378482377032,-0.7120135304657185,0.6577700725795613,0.020077647897769953,0.7957607720500693,0.6022165914461449
thumb,??,thumb,6542,13084,13085,2770,4.064814567565918,2.1451308727264404,1.1606653928756714,7364,4.106472015380859,2.051504611968994,1.1692862510681152,7365,3.914011001586914,1.963075041770935,1.1435343027114868,7366,3.8709492683410645,2.0607781410217285,1.1275635957717896,3.989061713218689,2.0551221668720245,1.1502623856067657,-0.17229887630922786,0.050150987662495726,0.9837672365245013,0.022518049368113614,0.4556471354547974,0.3318864771467863
thumb,??,thumb,6545,13090,13091,7367,3.6758999824523926,1.9748677015304565,1.105823040008545,7366,3.8709492683410645,2.0607781410217285,1.1275635957717896,2767,3.835148334503174,2.1569790840148926,1.0923840999603271,7368,3.639648914337158,2.0769710540771484,1.0672210454940796,3.7554116249084473,2.0673989951610565,1.0982479453086853,-0.225783364551783,0.2665831031272589,0.9369927008353469,0.023854228211440842,0.3618886207645144,0.2658556424317086
thumb,??,thumb,6548,13096,13097,7369,3.4370193481445312,2.0022013187408447,1.0596376657485962,7368,3.639648914337158,2.0769710540771484,1.0672210454940796,2764,3.613771677017212,2.1722123622894287,1.0133373737335205,7370,3.4125373363494873,2.1070950031280518,1.0017852783203125,3.525744318962097,2.0896199345588684,1.0354953408241272,-0.19411163364486783,0.44051432477329994,0.8765088723756561,0.025063118926515734,0.26196761272964114,0.20234052657490498
thumb,??,thumb,6527,13054,13055,2785,5.225344181060791,2.152301073074341,1.1195145845413208,7354,5.238962173461914,2.119063377380371,1.0382136106491089,7355,5.054854393005371,2.030626058578491,1.0331954956054688,7356,5.034575939178467,2.063575267791748,1.120572805404663,5.138434171676636,2.091391444206238,1.0778741240501404,0.3875289614291324,-0.8290203150799512,0.40317070979722297,0.019109207040176664,0.8429815876663896,0.6699401487420782
thumb,??,thumb,6565,13130,13131,7360,4.575991153717041,2.0346293449401855,1.202844500541687,2779,4.775063991546631,2.111452102661133,1.232405185699463,2777,4.739974498748779,2.194284677505493,1.2691189050674438,2776,4.53677225112915,2.1191916465759277,1.239111304283142,4.6569504737854,2.114889442920685,1.235869973897934,0.01303333919521052,-0.39474652709155233,0.918697616965768,0.021396869356985093,0.6511495502467776,0.5336235621316547
thumb,??,thumb,6566,13132,13133,2780,4.97761344909668,2.1904067993164062,1.2418500185012817,2782,5.0073394775390625,2.119939088821411,1.1885578632354736,7358,4.809913635253906,2.0388176441192627,1.1776974201202393,2779,4.775063991546631,2.111452102661133,1.232405185699463,4.89248263835907,2.1151539087295532,1.2101276218891144,0.17500409039095843,-0.5415737432582174,0.8222356407744168,0.02054619810540446,0.7360018272125828,0.6019169280108501
thumb,??,thumb,6564,13128,13129,7362,4.341506004333496,2.042905807495117,1.195878267288208,2776,4.53677225112915,2.1191916465759277,1.239111304283142,2774,4.49924373626709,2.2108967304229736,1.25323486328125,2773,4.300559043884277,2.1340253353118896,1.2088927030563354,4.419520258903503,2.126754879951477,1.2242792844772339,-0.1367726957467884,-0.20264110078965392,0.9696544817453863,0.02166836689649778,0.5563404167561213,0.46644092166391454
thumb,??,thumb,6551,13102,13103,2761,3.399965763092041,2.198288679122925,0.9325495362281799,7370,3.4125373363494873,2.1070950031280518,1.0017852783203125,7371,3.2029099464416504,2.0502922534942627,0.9977850914001465,7372,3.1934974193573,2.152341604232788,0.9191374182701111,3.3022276163101196,2.127004384994507,0.9628143310546875,-0.177626997785863,0.5852457236182748,0.791161230498628,0.026122728588637,0.15267751963934018,0.14268398374290708
thumb,??,thumb,6567,13134,13135,7356,5.034575939178467,2.063575267791748,1.120572805404663,2785,5.225344181060791,2.152301073074341,1.1195145845413208,2783,5.203454494476318,2.2086005210876465,1.180482268333435,2782,5.0073394775390625,2.119939088821411,1.1885578632354736,5.11767852306366,2.1361039876937866,1.1522818803787231,0.31519654820417237,-0.6519355047705199,0.6896602305626897,0.018962695668314954,0.801310547159468,0.6700470378128834
thumb,??,thumb,6563,13126,13127,2771,4.262378692626953,2.226811408996582,1.2002794742584229,2773,4.300559043884277,2.1340253353118896,1.2088927030563354,7364,4.106472015380859,2.051504611968994,1.1692862510681152,2770,4.064814567565918,2.1451308727264404,1.1606653928756714,4.183556079864502,2.1393680572509766,1.1847809553146362,-0.20020260676001167,0.004834623924687178,0.9797425899990276,0.021974821006989567,0.4614891600508651,0.3997855157139091
thumb,??,thumb,6562,13124,13125,2768,4.028846263885498,2.237696647644043,1.1308929920196533,2770,4.064814567565918,2.1451308727264404,1.1606653928756714,7366,3.8709492683410645,2.0607781410217285,1.1275635957717896,2767,3.835148334503174,2.1569790840148926,1.0923840999603271,3.9499396085739136,2.150146186351776,1.1278765201568604,-0.2674357554898808,0.22103239485511322,0.9378820805997787,0.022664806061896074,0.3688883094328225,0.33355922704564483
thumb,??,thumb,6561,13122,13123,7368,3.639648914337158,2.0769710540771484,1.0672210454940796,2767,3.835148334503174,2.1569790840148926,1.0923840999603271,2765,3.8085999488830566,2.245793581008911,1.039347529411316,2764,3.613771677017212,2.1722123622894287,1.0133373737335205,3.72429221868515,2.162989020347595,1.0530725121498108,-0.27903859539582315,0.42169328651735827,0.8627353211650229,0.023152393558066545,0.27758707266432275,0.2699250674573857
thumb,??,thumb,6560,13120,13121,7370,3.4125373363494873,2.1070950031280518,1.0017852783203125,2764,3.613771677017212,2.1722123622894287,1.0133373737335205,2762,3.598893642425537,2.254737138748169,0.9482756853103638,2761,3.399965763092041,2.198288679122925,0.9325495362281799,3.5062921047210693,2.1830832958221436,0.9739869683980942,-0.22768525924349078,0.5727822514506483,0.7874515319347285,0.02312962729744194,0.18350478033133102,0.2094999259302228
thumb,??,thumb,6568,13136,13137,7354,5.238962173461914,2.119063377380371,1.0382136106491089,2788,5.4165754318237305,2.2168030738830566,1.0203348398208618,2786,5.411197662353516,2.2478652000427246,1.092380166053772,2785,5.225344181060791,2.152301073074341,1.1195145845413208,5.323019862174988,2.1840081810951233,1.0676108002662659,0.4695347267525976,-0.7919852407392605,0.3902518658822009,0.01732534007050808,0.8388472099325823,0.7361137599612904
thumb,??,thumb,2089,4178,4179,2778,4.945712089538574,2.2711172103881836,1.2773343324661255,2777,4.739974498748779,2.194284677505493,1.2691189050674438,2779,4.775063991546631,2.111452102661133,1.232405185699463,2780,4.97761344909668,2.1904067993164062,1.2418500185012817,4.859591007232666,2.191815197467804,1.2551771104335785,0.10011951638972075,-0.36722176677865465,0.9247292881929563,0.020873353186377987,0.6655284006497431,0.6028811126092491
thumb,??,thumb,2092,4184,4185,2781,5.18073034286499,2.272315263748169,1.2328182458877563,2780,4.97761344909668,2.1904067993164062,1.2418500185012817,2782,5.0073394775390625,2.119939088821411,1.1885578632354736,2783,5.203454494476318,2.2086005210876465,1.180482268333435,5.092284440994263,2.197815418243408,1.2109270989894867,0.26170288031475725,-0.5317526900391185,0.8054506062268009,0.01941187487023354,0.7449714664341976,0.6711371326982106
thumb,??,thumb,2086,4172,4173,2776,4.53677225112915,2.1191916465759277,1.239111304283142,2774,4.49924373626709,2.2108967304229736,1.25323486328125,2775,4.704670429229736,2.2852513790130615,1.2824825048446655,2777,4.739974498748779,2.194284677505493,1.2691189050674438,4.620165228843689,2.202406108379364,1.2609868943691254,-0.07703108016445877,-0.17831969289790292,0.9809527510606687,0.021797797736616793,0.570972816043082,0.534945655150718
thumb,??,thumb,6559,13118,13119,7372,3.1934974193573,2.152341604232788,0.9191374182701111,2761,3.399965763092041,2.198288679122925,0.9325495362281799,2759,3.4001991748809814,2.270536422729492,0.8553249835968018,2758,3.198408842086792,2.236337900161743,0.8370815515518188,3.2980177998542786,2.214376151561737,0.8860233724117279,-0.19121203736436942,0.7037869455671073,0.684194337901366,0.023162471476071957,0.08437504495121041,0.15342658793736222
thumb,??,thumb,2083,4166,4167,2772,4.463350296020508,2.3059964179992676,1.2456341981887817,2771,4.262378692626953,2.226811408996582,1.2002794742584229,2773,4.300559043884277,2.1340253353118896,1.2088927030563354,2774,4.49924373626709,2.2108967304229736,1.25323486328125,4.381382942199707,2.2194324731826782,1.2270103096961975,-0.21829957837648062,-0.0018493251107597809,0.9758800510704609,0.02219783909138301,0.4717306944112698,0.468077799135641
thumb,??,thumb,2095,4190,4191,2784,5.395720958709717,2.3013620376586914,1.1496906280517578,2783,5.203454494476318,2.2086005210876465,1.180482268333435,2785,5.225344181060791,2.152301073074341,1.1195145845413208,2786,5.411197662353516,2.2478652000427246,1.092380166053772,5.3089293241500854,2.227532207965851,1.1355169117450714,0.4054196823720492,-0.6025586390412473,0.6874285182199721,0.017658715823080564,0.8004914848218921,0.7379894690936092
thumb,??,thumb,2080,4160,4161,2769,4.226416110992432,2.317725896835327,1.1736561059951782,2768,4.028846263885498,2.237696647644043,1.1308929920196533,2770,4.064814567565918,2.1451308727264404,1.1606653928756714,2771,4.262378692626953,2.226811408996582,1.2002794742584229,4.1456139087677,2.231841206550598,1.1663734912872314,-0.27209055020952994,0.18366383934861477,0.9445815616464264,0.022269037886289297,0.377106173756881,0.401450954648088
thumb,??,thumb,2077,4154,4155,2766,4.002349853515625,2.323376417160034,1.0780913829803467,2765,3.8085999488830566,2.245793581008911,1.039347529411316,2767,3.835148334503174,2.1569790840148926,1.0923840999603271,2768,4.028846263885498,2.237696647644043,1.1308929920196533,3.9187361001968384,2.24096143245697,1.0851790010929108,-0.33691525787411536,0.41129252127023014,0.8469513391918071,0.022435094072433687,0.28820597304193163,0.33695053481526493
thumb,??,thumb,2074,4148,4149,2763,3.791335344314575,2.323974132537842,0.9789469242095947,2762,3.598893642425537,2.254737138748169,0.9482756853103638,2764,3.613771677017212,2.1722123622894287,1.0133373737335205,2765,3.8085999488830566,2.245793581008911,1.039347529411316,3.703150153160095,2.2491793036460876,0.9949768781661987,-0.3145398890443481,0.5442547455169293,0.7777219491452405,0.02148293046595957,0.20407315461936654,0.27559894638201327
thumb,??,thumb,2071,4142,4143,2760,3.593973159790039,2.3221819400787354,0.879159688949585,2759,3.4001991748809814,2.270536422729492,0.8553249835968018,2761,3.399965763092041,2.198288679122925,0.9325495362281799,2762,3.598893642425537,2.254737138748169,0.9482756853103638,3.4982579350471497,2.2614360451698303,0.9038274735212326,-0.2588045979056286,0.6945478970880224,0.6712848864331087,0.020622741958544952,0.12071491864947026,0.21789938430337755
thumb,??,thumb,2090,4180,4181,2778,4.945712089538574,2.2711172103881836,1.2773343324661255,2780,4.97761344909668,2.1904067993164062,1.2418500185012817,2781,5.18073034286499,2.272315263748169,1.2328182458877563,1818,5.151028633117676,2.3520634174346924,1.2598055601119995,5.06377112865448,2.271475672721863,1.2529520392417908,0.1792001826459434,-0.29643066213665714,0.938091763680336,0.020157898554237275,0.6783729485324749,0.6729592627479387
thumb,??,thumb,2098,4196,4197,2787,5.586587905883789,2.338913679122925,1.0433732271194458,2786,5.411197662353516,2.2478652000427246,1.092380166053772,2788,5.4165754318237305,2.2168030738830566,1.0203348398208618,2789,5.587686538696289,2.305593490600586,0.9809924960136414,5.500511884689331,2.277293860912323,1.0342701822519302,0.5005490892308664,-0.7711364204216775,0.39344533339384274,0.014919522984210924,0.8316398918600726,0.800323217263398
thumb,??,thumb,2087,4174,4175,2778,4.945712089538574,2.2711172103881836,1.2773343324661255,2777,4.739974498748779,2.194284677505493,1.2691189050674438,2775,4.704670429229736,2.2852513790130615,1.2824825048446655,1813,4.912809371948242,2.359421491622925,1.289288878440857,4.825791597366333,2.2775186896324158,1.279556155204773,0.0132516715428073,-0.13488338950430642,0.9907728621824232,0.02132093814303404,0.587815790494774,0.6048202470613497
thumb,??,thumb,2068,4136,4137,2757,3.410743474960327,2.325324058532715,0.776639461517334,2756,3.2179067134857178,2.2974209785461426,0.7553431391716003,2758,3.198408842086792,2.236337900161743,0.8370815515518188,2759,3.4001991748809814,2.270536422729492,0.8553249835968018,3.3068145513534546,2.282404839992523,0.8060972839593887,-0.18331238750938067,0.8128956961357998,0.552808425939316,0.01983624889374906,0.035554249885365014,0.16529011171456942
thumb,??,thumb,2093,4186,4187,2784,5.395720958709717,2.3013620376586914,1.1496906280517578,2783,5.203454494476318,2.2086005210876465,1.180482268333435,2781,5.18073034286499,2.272315263748169,1.2328182458877563,1823,5.375827789306641,2.363111734390259,1.1946467161178589,5.2889333963394165,2.2863473892211914,1.189409464597702,0.3714539969083002,-0.48686798287408223,0.7905577116396821,0.017848369716647605,0.7483154996601379,0.7402474042247622
thumb,??,thumb,2084,4168,4169,2772,4.463350296020508,2.3059964179992676,1.2456341981887817,2774,4.49924373626709,2.2108967304229736,1.25323486328125,2775,4.704670429229736,2.2852513790130615,1.2824825048446655,1808,4.670361042022705,2.380871295928955,1.275161862373352,4.58440637588501,2.2957539558410645,1.2641283571720123,-0.14901732145445143,0.022490874440752838,0.9885787770701084,0.02254151253042231,0.4867096888760893,0.5373635794024516
thumb,??,thumb,2081,4162,4163,2769,4.226416110992432,2.317725896835327,1.1736561059951782,2771,4.262378692626953,2.226811408996582,1.2002794742584229,2772,4.463350296020508,2.3059964179992676,1.2456341981887817,1803,4.428447246551514,2.3999598026275635,1.2212125062942505,4.345148086547852,2.312623381614685,1.2101955711841583,-0.2801997811475414,0.15419616080403592,0.94747645175918,0.0226791643634179,0.3874156307699358,0.47033629044715625
thumb,??,thumb,2096,4192,4193,2784,5.395720958709717,2.3013620376586914,1.1496906280517578,2786,5.411197662353516,2.2478652000427246,1.092380166053772,2787,5.586587905883789,2.338913679122925,1.0433732271194458,1828,5.572399616241455,2.3926939964294434,1.091019868850708,5.491476535797119,2.320208728313446,1.094115972518921,0.4886076778182182,-0.5373895891262691,0.6873681449382043,0.01571944190569797,0.7955752846348012,0.8035805150271237
thumb,??,thumb,2078,4156,4157,2769,4.226416110992432,2.317725896835327,1.1736561059951782,2768,4.028846263885498,2.237696647644043,1.1308929920196533,2766,4.002349853515625,2.323376417160034,1.0780913829803467,1798,4.196885108947754,2.4037110805511475,1.1278471946716309,4.113624334335327,2.320627510547638,1.1276219189167023,-0.3555570704078156,0.37559502767182784,0.8558665461806593,0.022303189296428237,0.2976907897586113,0.4043366657048649
thumb,??,thumb,2069,4138,4139,2760,3.593973159790039,2.3221819400787354,0.879159688949585,2759,3.4001991748809814,2.270536422729492,0.8553249835968018,2757,3.410743474960327,2.325324058532715,0.776639461517334,1783,3.598017692565918,2.37141752243042,0.8039241433143616,3.5007333755493164,2.3223649859428406,0.8287620693445206,-0.2770164783543863,0.808085150840348,0.5198656169737194,0.018376124180881553,0.07503805969164594,0.2269589236265787
thumb,??,thumb,2072,4144,4145,2760,3.593973159790039,2.3221819400787354,0.879159688949585,2762,3.598893642425537,2.254737138748169,0.9482756853103638,2763,3.791335344314575,2.323974132537842,0.9789469242095947,1788,3.7829957008361816,2.390650987625122,0.913089394569397,3.6917994618415833,2.322886049747467,0.9298679232597351,-0.34851695219694173,0.6475252606803633,0.6776776304498934,0.01955050543372123,0.14363679715757144,0.2824011647179677
thumb,??,thumb,2075,4150,4151,2763,3.791335344314575,2.323974132537842,0.9789469242095947,2765,3.8085999488830566,2.245793581008911,1.039347529411316,2766,4.002349853515625,2.323376417160034,1.0780913829803467,1793,3.983595371246338,2.400073289871216,1.019744873046875,3.8964701294898987,2.3233043551445007,1.029032677412033,-0.36412421831947117,0.5118776460291583,0.7780712236864191,0.020988320139172994,0.21722690883975296,0.3417719404405445
thumb,??,thumb,2066,4132,4133,2754,3.2433719635009766,2.3524303436279297,0.6726256012916565,2756,3.2179067134857178,2.2974209785461426,0.7553431391716003,2757,3.410743474960327,2.325324058532715,0.776639461517334,1778,3.425567150115967,2.3737356662750244,0.698211133480072,3.324397325515747,2.337227761745453,0.7257048338651657,-0.1738579215610511,0.8479582801780186,0.5007396311337942,0.0183753157779517,0.0,0.17789173940753975
thumb,??,thumb,2088,4176,4177,2778,4.945712089538574,2.2711172103881836,1.2773343324661255,1818,5.151028633117676,2.3520634174346924,1.2598055601119995,1814,5.120575904846191,2.4364845752716064,1.273777961730957,1813,4.912809371948242,2.359421491622925,1.289288878440857,5.032531499862671,2.354771673679352,1.2750516831874847,0.1189730242349818,-0.10457083626340948,0.9873754907367073,0.02060278922437305,0.6034248719337706,0.6753105965675663
thumb,??,thumb,2091,4182,4183,1819,5.349880695343018,2.4354677200317383,1.2197742462158203,1823,5.375827789306641,2.363111734390259,1.1946467161178589,2781,5.18073034286499,2.272315263748169,1.2328182458877563,1818,5.151028633117676,2.3520634174346924,1.2598055601119995,5.264366865158081,2.3557395339012146,1.2267611920833588,0.28158101054864776,-0.21720923632822917,0.9346294892373714,0.018621445254044387,0.6864045391675226,0.7426289371076842
thumb,??,thumb,2099,4198,4199,2787,5.586587905883789,2.338913679122925,1.0433732271194458,2789,5.587686538696289,2.305593490600586,0.9809924960136414,2790,5.745213031768799,2.387866497039795,0.9248277544975281,1833,5.746265888214111,2.4251835346221924,0.9813683032989502,5.666438341140747,2.3643893003463745,0.9826404452323914,0.543267353644217,-0.7217337407821663,0.42890673797573986,0.013071795477527376,0.8249875477035412,0.8603334326966735
thumb,??,thumb,2085,4170,4171,1809,4.880218982696533,2.452056646347046,1.2806247472763062,1813,4.912809371948242,2.359421491622925,1.289288878440857,2775,4.704670429229736,2.2852513790130615,1.2824825048446655,1808,4.670361042022705,2.380871295928955,1.275161862373352,4.792014956474304,2.369400203227997,1.2818894982337952,-0.0522174840914362,0.06605225651051204,0.9964489117687019,0.022183215332189712,0.5053892578447038,0.6076118510022778
thumb,??,thumb,2067,4134,4135,1779,3.605454683303833,2.413376569747925,0.7278228998184204,1783,3.598017692565918,2.37141752243042,0.8039241433143616,2757,3.410743474960327,2.325324058532715,0.776639461517334,1778,3.425567150115967,2.3737356662750244,0.698211133480072,3.5099457502365112,2.370963454246521,0.751649409532547,-0.26880487866561487,0.8478253080026867,0.4570953777011023,0.017105788973068185,0.04121875993891312,0.2362825835232258
thumb,??,thumb,2094,4188,4189,2784,5.395720958709717,2.3013620376586914,1.1496906280517578,1828,5.572399616241455,2.3926939964294434,1.091019868850708,1824,5.558516979217529,2.4487452507019043,1.13442063331604,1823,5.375827789306641,2.363111734390259,1.1946467161178589,5.4756163358688354,2.3764782547950745,1.1424444615840912,0.4697466605635127,-0.4395498725977759,0.7655938769273871,0.015782258571161993,0.7468385372926999,0.8066884416487209
thumb,??,thumb,2070,4140,4141,2760,3.593973159790039,2.3221819400787354,0.879159688949585,1788,3.7829957008361816,2.390650987625122,0.913089394569397,1784,3.7812955379486084,2.443866729736328,0.8401669263839722,1783,3.598017692565918,2.37141752243042,0.8039241433143616,3.6890705227851868,2.3820292949676514,0.8590850383043289,-0.3863285042425059,0.7614931961940976,0.520459795718983,0.01817766796087473,0.09744544265130303,0.2897079856828064
thumb,??,thumb,2082,4164,4165,2772,4.463350296020508,2.3059964179992676,1.2456341981887817,1808,4.670361042022705,2.380871295928955,1.275161862373352,1804,4.6369805335998535,2.4763433933258057,1.2504239082336426,1803,4.428447246551514,2.3999598026275635,1.2212125062942505,4.549784779548645,2.390792727470398,1.2481081187725067,-0.20083134228499272,0.17761416444695768,0.9633898383021368,0.0231078302333138,0.40156479242337656,0.5403425951737757
thumb,??,thumb,2073,4146,4147,2763,3.791335344314575,2.323974132537842,0.9789469242095947,1793,3.983595371246338,2.400073289871216,1.019744873046875,1789,3.9719676971435547,2.4672176837921143,0.953407883644104,1788,3.7829957008361816,2.390650987625122,0.913089394569397,3.8824735283851624,2.3954790234565735,0.9662972688674927,-0.392099518883725,0.6162215945613957,0.6830292187654657,0.019789315822029342,0.15700610838785983,0.34759760862483413
thumb,??,thumb,2076,4152,4153,1794,4.175386905670166,2.480774402618408,1.0684071779251099,1798,4.196885108947754,2.4037110805511475,1.1278471946716309,2766,4.002349853515625,2.323376417160034,1.0780913829803467,1793,3.983595371246338,2.400073289871216,1.019744873046875,4.089554309844971,2.4019837975502014,1.0735226571559906,-0.40106437069193523,0.4885896183009368,0.7748726059488921,0.021256394595339796,0.22681438381098246,0.4085001706606561
thumb,??,thumb,2079,4158,4159,2769,4.226416110992432,2.317725896835327,1.1736561059951782,1803,4.428447246551514,2.3999598026275635,1.2212125062942505,1799,4.39613151550293,2.4890973567962646,1.1792367696762085,1798,4.196885108947754,2.4037110805511475,1.1278471946716309,4.311969995498657,2.4026235342025757,1.175488144159317,-0.35009601912302635,0.31802084652417706,0.8810763409434255,0.022890102447658066,0.3066432543972989,0.4730437652194215
thumb,??,thumb,2097,4194,4195,2787,5.586587905883789,2.338913679122925,1.0433732271194458,1833,5.746265888214111,2.4251835346221924,0.9813683032989502,1829,5.735401153564453,2.474350690841675,1.0286504030227661,1828,5.572399616241455,2.3926939964294434,1.091019868850708,5.660163640975952,2.407785475254059,1.0361029505729675,0.5262071651419045,-0.5037003356756187,0.6851218805392146,0.013662182815960874,0.7895519693822701,0.8644566644805073
thumb,??,thumb,1292,2584,2585,1780,3.7880611419677734,2.4738850593566895,0.7577510476112366,1779,3.605454683303833,2.413376569747925,0.7278228998184204,1783,3.598017692565918,2.37141752243042,0.8039241433143616,1784,3.7812955379486084,2.443866729736328,0.8401669263839722,3.693207263946533,2.4256364703178406,0.7824162542819977,-0.3753416160363141,0.8561576703975892,0.3551235203286617,0.017263001552028055,0.06560832450603217,0.2968773396599579
thumb,??,thumb,1313,2626,2627,1818,5.151028633117676,2.3520634174346924,1.2598055601119995,1814,5.120575904846191,2.4364845752716064,1.273777961730957,1815,5.321376323699951,2.5126051902770996,1.2318755388259888,1819,5.349880695343018,2.4354677200317383,1.2197742462158203,5.235715389251709,2.434155225753784,1.2463083267211914,0.2283130770216272,-0.07336150230879004,0.9708198745595983,0.019049215437280734,0.6161213296134364,0.7450621236765844
thumb,??,thumb,1316,2632,2633,1820,5.537654876708984,2.5135908126831055,1.1630462408065796,1819,5.349880695343018,2.4354677200317383,1.2197742462158203,1823,5.375827789306641,2.363111734390259,1.1946467161178589,1824,5.558516979217529,2.4487452507019043,1.13442063331604,5.455470085144043,2.4402288794517517,1.1779719591140747,0.3812771749051616,-0.22155179310018155,0.8975202052714095,0.016310483747320685,0.6908358826933697,0.8095785552597169
thumb,??,thumb,1310,2620,2621,1810,5.088710784912109,2.5237958431243896,1.2648206949234009,1809,4.880218982696533,2.452056646347046,1.2806247472763062,1813,4.912809371948242,2.359421491622925,1.289288878440857,1814,5.120575904846191,2.4364845752716064,1.273777961730957,5.000578761100769,2.4429396390914917,1.2771280705928802,0.03541901505294573,0.1099570314204381,0.9933050612042024,0.02126645656571448,0.5244954143839875,0.6781223220392762
thumb,??,thumb,2100,4200,4201,1834,5.858345031738281,2.5150856971740723,0.9147828817367554,1837,5.859649181365967,2.4815471172332764,0.8633334636688232,2790,5.745213031768799,2.387866497039795,0.9248277544975281,1833,5.746265888214111,2.4251835346221924,0.9813683032989502,5.8023682832717896,2.452420711517334,0.9210781008005142,0.7027779902527356,-0.5940533427750597,0.39141247087197306,0.010281422768010775,0.8067875778514363,0.9117788162333164
thumb,??,thumb,1295,2590,2591,1785,3.9669387340545654,2.5185132026672363,0.8795503377914429,1784,3.7812955379486084,2.443866729736328,0.8401669263839722,1788,3.7829957008361816,2.390650987625122,0.913089394569397,1789,3.9719676971435547,2.4672176837921143,0.953407883644104,3.8757994174957275,2.4550621509552,0.896553635597229,-0.41121967820646504,0.7335273322153325,0.5411432612061509,0.01855759105733356,0.10905386725295983,0.3538213468800259
thumb,??,thumb,1319,2638,2639,1825,5.721351623535156,2.5284531116485596,1.0663270950317383,1824,5.558516979217529,2.4487452507019043,1.13442063331604,1828,5.572399616241455,2.3926939964294434,1.091019868850708,1829,5.735401153564453,2.474350690841675,1.0286504030227661,5.646917343139648,2.4610607624053955,1.080104500055313,0.5094151742603736,-0.4225739062238714,0.7496182188367436,0.013478128943366925,0.7440477780225861,0.8679121394184458
thumb,??,thumb,1307,2614,2615,1808,4.670361042022705,2.380871295928955,1.275161862373352,1804,4.6369805335998535,2.4763433933258057,1.2504239082336426,1805,4.847585201263428,2.5470643043518066,1.25691556930542,1809,4.880218982696533,2.452056646347046,1.2806247472763062,4.75878643989563,2.4640839099884033,1.2657815217971802,-0.0994446630322815,0.21276429989228351,0.9720298923828127,0.023008117869214573,0.4210188170471801,0.6109459667798223
thumb,??,thumb,1298,2596,2597,1793,3.983595371246338,2.400073289871216,1.019744873046875,1789,3.9719676971435547,2.4672176837921143,0.953407883644104,1790,4.1636834144592285,2.5438172817230225,0.9948195219039917,1794,4.175386905670166,2.480774402618408,1.0684071779251099,4.073658347129822,2.47297066450119,1.0090948641300201,-0.41310471622063477,0.6313570723918581,0.6563023240679944,0.020434177008331486,0.16681558457728407,0.41361277515915945
thumb,??,thumb,1304,2608,2609,1800,4.604218482971191,2.568861722946167,1.2085285186767578,1799,4.39613151550293,2.4890973567962646,1.1792367696762085,1803,4.428447246551514,2.3999598026275635,1.2212125062942505,1804,4.6369805335998535,2.4763433933258057,1.2504239082336426,4.516444444656372,2.48356556892395,1.2148504257202148,-0.25145308317338577,0.3300081884412872,0.909871387902872,0.02358718767492611,0.3186145341220072,0.5433826776714401
thumb,??,thumb,1301,2602,2603,1795,4.370523452758789,2.5682427883148193,1.1174005270004272,1794,4.175386905670166,2.480774402618408,1.0684071779251099,1798,4.196885108947754,2.4037110805511475,1.1278471946716309,1799,4.39613151550293,2.4890973567962646,1.1792367696762085,4.28473174571991,2.48545640707016,1.1232229173183441,-0.4080287949581504,0.47992478888376294,0.7766496632973423,0.022451972222613838,0.23349412957454696,0.4764912878464148
thumb,??,thumb,1322,2644,2645,1833,5.746265888214111,2.4251835346221924,0.9813683032989502,1829,5.735401153564453,2.474350690841675,1.0286504030227661,1830,5.84731388092041,2.55745005607605,0.9566623568534851,1834,5.858345031738281,2.5150856971740723,0.9147828817367554,5.796831488609314,2.4930174946784973,0.9703659862279892,0.6884556975982284,-0.4148349699532581,0.5949291555709941,0.010207328625385169,0.7737581722980793,0.9157326108253504
thumb,??,thumb,1314,2628,2629,1820,5.537654876708984,2.5135908126831055,1.1630462408065796,1819,5.349880695343018,2.4354677200317383,1.2197742462158203,1815,5.321376323699951,2.5126051902770996,1.2318755388259888,1816,5.508223533630371,2.5843441486358643,1.1701414585113525,5.429283857345581,2.511501967906952,1.1962093710899353,0.3032738322100248,-0.004880592262681777,0.9528909499600734,0.01682308801785922,0.6269023324503892,0.8117482321323023
thumb,??,thumb,1311,2622,2623,1810,5.088710784912109,2.5237958431243896,1.2648206949234009,1814,5.120575904846191,2.4364845752716064,1.273777961730957,1815,5.321376323699951,2.5126051902770996,1.2318755388259888,1811,5.289915561676025,2.5938637256622314,1.2235805988311768,5.205144643783569,2.516687333583832,1.2485136985778809,0.14580498222560404,0.1547779731881507,0.9771308439374736,0.019706553595100058,0.5419986759523817,0.7475027103756351
thumb,??,thumb,1317,2634,2635,1825,5.721351623535156,2.5284531116485596,1.0663270950317383,1824,5.558516979217529,2.4487452507019043,1.13442063331604,1820,5.537654876708984,2.5135908126831055,1.1630462408065796,1821,5.698443412780762,2.5901684761047363,1.0883660316467285,5.628991723060608,2.5202394127845764,1.1130400002002716,0.469560721508221,-0.18334119185563247,0.8636542920553543,0.013850637314729209,0.692341597896393,0.8708198139595129
thumb,??,thumb,1296,2592,2593,1785,3.9669387340545654,2.5185132026672363,0.8795503377914429,1789,3.9719676971435547,2.4672176837921143,0.953407883644104,1790,4.1636834144592285,2.5438172817230225,0.9948195219039917,1786,4.1590189933776855,2.58984375,0.9119173884391785,4.0654022097587585,2.5298479795455933,0.9349237829446793,-0.3933595208666985,0.7699979308722232,0.502365876424759,0.019327591151094635,0.1203602248394528,0.41900757309293507
thumb,??,thumb,1308,2616,2617,1810,5.088710784912109,2.5237958431243896,1.2648206949234009,1809,4.880218982696533,2.452056646347046,1.2806247472763062,1805,4.847585201263428,2.5470643043518066,1.25691556930542,1806,5.056119441986084,2.613788604736328,1.2392029762268066,4.968158602714539,2.5341763496398926,1.2603909969329834,-0.007060796018521132,0.25529937508320294,0.9668362706486093,0.022287576554124267,0.44305158169761555,0.6812187502706158
thumb,??,thumb,1320,2640,2641,1825,5.721351623535156,2.5284531116485596,1.0663270950317383,1829,5.735401153564453,2.474350690841675,1.0286504030227661,1830,5.84731388092041,2.55745005607605,0.9566623568534851,1826,5.83367919921875,2.605933666229248,0.9921316504478455,5.784436464309692,2.541546881198883,1.0109428763389587,0.6641542372608717,-0.3068498143263337,0.6817201336151986,0.010066333916191453,0.7321888986022396,0.9187849940508386
thumb,??,thumb,1299,2598,2599,1795,4.370523452758789,2.5682427883148193,1.1174005270004272,1794,4.175386905670166,2.480774402618408,1.0684071779251099,1790,4.1636834144592285,2.5438172817230225,0.9948195219039917,1791,4.351245403289795,2.635039806365967,1.0402491092681885,4.265209794044495,2.556968569755554,1.0552190840244293,-0.45004624427282947,0.6287840485085059,0.6341048796194315,0.021777208286175763,0.17178442032074,0.480625003227082
thumb,??,thumb,1305,2610,2611,1800,4.604218482971191,2.568861722946167,1.2085285186767578,1804,4.6369805335998535,2.4763433933258057,1.2504239082336426,1805,4.847585201263428,2.5470643043518066,1.25691556930542,1801,4.814988136291504,2.6403133869171143,1.2150259017944336,4.725943088531494,2.5581457018852234,1.2327234745025635,-0.15048919433893265,0.3619746951016856,0.9199605005070928,0.023797207283222606,0.3372628235643744,0.614306553127563
thumb,??,thumb,1302,2604,2605,1800,4.604218482971191,2.568861722946167,1.2085285186767578,1799,4.39613151550293,2.4890973567962646,1.1792367696762085,1795,4.370523452758789,2.5682427883148193,1.1174005270004272,1796,4.57451868057251,2.65342378616333,1.14872145652771,4.486348032951355,2.5699064135551453,1.1634718179702759,-0.31693661337104095,0.4943637680741978,0.8094168567063428,0.02366447074026682,0.24175197796796755,0.5464822038279139
thumb,??,thumb,1323,2646,2647,1835,5.922118663787842,2.6021313667297363,0.8468772768974304,1834,5.858345031738281,2.5150856971740723,0.9147828817367554,1830,5.84731388092041,2.55745005607605,0.9566623568534851,1831,5.914034843444824,2.6359968185424805,0.8857824802398682,5.885453104972839,2.5776659846305847,0.9010262489318848,0.8427394279677142,-0.277516515780583,0.4612752323913082,0.007111050759717909,0.7410601332846476,0.9530048779981466
thumb,??,thumb,1315,2630,2631,1820,5.537654876708984,2.5135908126831055,1.1630462408065796,1821,5.698443412780762,2.5901684761047363,1.0883660316467285,1822,5.670263290405273,2.652989625930786,1.096543550491333,1816,5.508223533630371,2.5843441486358643,1.1701414585113525,5.603646278381348,2.585273265838623,1.1295243203639984,0.39246677015433606,0.06436617480439957,0.9175112151171085,0.01402964543386798,0.6334806012202424,0.8723788973189468
thumb,??,thumb,1312,2624,2625,1817,5.478427410125732,2.6582393646240234,1.1680086851119995,1816,5.508223533630371,2.5843441486358643,1.1701414585113525,1815,5.321376323699951,2.5126051902770996,1.2318755388259888,1811,5.289915561676025,2.5938637256622314,1.2235805988311768,5.39948570728302,2.5872631072998047,1.1984015703201294,0.24128065511347732,0.15959620013760661,0.9572422359934021,0.017396978573131022,0.5582340365984578,0.8134856616856792
thumb,??,thumb,1318,2636,2637,1825,5.721351623535156,2.5284531116485596,1.0663270950317383,1826,5.83367919921875,2.605933666229248,0.9921316504478455,1827,5.8127336502075195,2.6585428714752197,1.0170961618423462,1821,5.698443412780762,2.5901684761047363,1.0883660316467285,5.766551971435547,2.595774531364441,1.0409802347421646,0.5847033098569419,-0.10637058357976,0.8042433328236166,0.010048718361418586,0.6842818463859808,0.9210267152465007
thumb,??,thumb,1309,2618,2619,1810,5.088710784912109,2.5237958431243896,1.2648206949234009,1811,5.289915561676025,2.5938637256622314,1.2235805988311768,1812,5.25803804397583,2.6790897846221924,1.202502727508545,1806,5.056119441986084,2.613788604736328,1.2392029762268066,5.173195958137512,2.6026344895362854,1.2325267493724823,0.08817542281116705,0.2866724037128476,0.95396227795525,0.020801087286806692,0.4647681484310859,0.750011545708696
thumb,??,thumb,1297,2594,2595,1792,4.340556621551514,2.684485912322998,0.9493532180786133,1791,4.351245403289795,2.635039806365967,1.0402491092681885,1790,4.1636834144592285,2.5438172817230225,0.9948195219039917,1786,4.1590189933776855,2.58984375,0.9119173884391785,4.253626108169556,2.613296687602997,0.974084809422493,-0.47990986138644237,0.7503568755949677,0.45458891780531113,0.020949934161470035,0.12454720632989078,0.4849802845455811
thumb,??,thumb,1321,2642,2643,1832,5.902685642242432,2.6743032932281494,0.9177706241607666,1831,5.914034843444824,2.6359968185424805,0.8857824802398682,1830,5.84731388092041,2.55745005607605,0.9566623568534851,1826,5.83367919921875,2.605933666229248,0.9921316504478455,5.874428391456604,2.618420958518982,0.9380867779254913,0.8081572056513474,-0.1983826821673036,0.5545504867637503,0.006966485559429017,0.7059280403078064,0.955389934091133
thumb,??,thumb,1306,2612,2613,1805,4.847585201263428,2.5470643043518066,1.25691556930542,1806,5.056119441986084,2.613788604736328,1.2392029762268066,1807,5.023730754852295,2.7044517993927,1.2001835107803345,1801,4.814988136291504,2.6403133869171143,1.2150259017944336,4.935605883598328,2.6264045238494873,1.2278319895267487,-0.049682291897826726,0.3874294984647582,0.9205596415176611,0.023151587209815513,0.3608020581323456,0.6844125098484333
thumb,??,thumb,1300,2600,2601,1795,4.370523452758789,2.5682427883148193,1.1174005270004272,1796,4.57451868057251,2.65342378616333,1.14872145652771,1797,4.550551891326904,2.7207348346710205,1.0668413639068604,1791,4.351245403289795,2.635039806365967,1.0402491092681885,4.4617098569869995,2.644360303878784,1.0933031141757965,-0.37250110770093925,0.6570576858494911,0.655376321076437,0.02345078550800122,0.17594622137702523,0.5495360089108984
thumb,??,thumb,1303,2606,2607,1800,4.604218482971191,2.568861722946167,1.2085285186767578,1801,4.814988136291504,2.6403133869171143,1.2150259017944336,1802,4.783497333526611,2.7253689765930176,1.1522349119186401,1796,4.57451868057251,2.65342378616333,1.14872145652771,4.694305658340454,2.6469919681549072,1.1811276972293854,-0.19934315850452497,0.5257833954674359,0.8269305449722932,0.024178199760821965,0.2579287725554812,0.617302525293056
thumb,??,thumb,1324,2648,2649,1835,5.922118663787842,2.6021313667297363,0.8468772768974304,1836,5.966709613800049,2.671354055404663,0.7932806015014648,260,5.955338001251221,2.697897434234619,0.82877117395401,1831,5.914034843444824,2.6359968185424805,0.8857824802398682,5.939550280570984,2.6518449187278748,0.8386778831481934,0.8810585801282539,-0.22718227799274834,0.41487828449849107,0.004665910987999601,0.7038971292511492,0.9788385202610169
thumb,??,thumb,1356,2712,2713,1876,5.784226417541504,2.7122132778167725,1.0236059427261353,1822,5.670263290405273,2.652989625930786,1.096543550491333,1821,5.698443412780762,2.5901684761047363,1.0883660316467285,1827,5.8127336502075195,2.6585428714752197,1.0170961618423462,5.741416692733765,2.6534785628318787,1.0564029216766357,0.4795974841181253,0.12385621444132004,0.8687035693329632,0.009736250472509842,0.6310992623419964,0.9216431335332915
thumb,??,thumb,1359,2718,2719,1816,5.508223533630371,2.5843441486358643,1.1701414585113525,1817,5.478427410125732,2.6582393646240234,1.1680086851119995,1878,5.640051364898682,2.7187411785125732,1.0945488214492798,1822,5.670263290405273,2.652989625930786,1.096543550491333,5.574241399765015,2.6535785794258118,1.1323106288909912,0.347845526160413,0.17668821788005265,0.9207522813398598,0.014377175417828895,0.5706531511005956,0.8732094736985864
thumb,??,thumb,1352,2704,2705,1826,5.83367919921875,2.605933666229248,0.9921316504478455,1827,5.8127336502075195,2.6585428714752197,1.0170961618423462,1875,5.883377552032471,2.720533609390259,0.9388740062713623,1832,5.902685642242432,2.6743032932281494,0.9177706241607666,5.858119010925293,2.664828360080719,0.9664681106805801,0.7419862298295066,-0.010252525416636262,0.670336721704828,0.007105364331866797,0.6645671604518897,0.9570174039038355
thumb,??,thumb,1362,2724,2725,1881,5.446285724639893,2.7345378398895264,1.145938754081726,1812,5.25803804397583,2.6790897846221924,1.202502727508545,1811,5.289915561676025,2.5938637256622314,1.2235805988311768,1817,5.478427410125732,2.6582393646240234,1.1680086851119995,5.36816668510437,2.6664326786994934,1.1850076913833618,0.17591997774562468,0.3185395026380571,0.9314422938051924,0.01839766854782226,0.48641130888444567,0.8152490123836468
thumb,??,thumb,6872,13744,13745,1832,5.902685642242432,2.6743032932281494,0.9177706241607666,1831,5.914034843444824,2.6359968185424805,0.8857824802398682,260,5.955338001251221,2.697897434234619,0.82877117395401,257,5.939987659454346,2.729097604751587,0.8587386608123779,5.928011536598206,2.684323787689209,0.8727657347917557,0.8677558225549729,-0.10051394974093399,0.4867204313868684,0.00441117802272444,0.6749052177236533,0.9799414778619924
thumb,??,thumb,1365,2730,2731,1884,5.226436614990234,2.7615835666656494,1.1620638370513916,1807,5.023730754852295,2.7044517993927,1.2001835107803345,1806,5.056119441986084,2.613788604736328,1.2392029762268066,1812,5.25803804397583,2.6790897846221924,1.202502727508545,5.141081213951111,2.6897284388542175,1.2009882628917694,0.03740779498336379,0.42816020440851865,0.902928289641729,0.02157560421324308,0.3866011078303025,0.7526292718805903
thumb,??,thumb,1374,2748,2749,1893,4.534063339233398,2.7686800956726074,0.9721595644950867,1792,4.340556621551514,2.684485912322998,0.9493532180786133,1791,4.351245403289795,2.635039806365967,1.0402491092681885,1797,4.550551891326904,2.7207348346710205,1.0668413639068604,4.444104313850403,2.702235162258148,1.0071508139371872,-0.39937999183789796,0.7864237549693415,0.471204095631056,0.022747040311589625,0.1253521740780173,0.5523579314514558
thumb,??,thumb,1355,2710,2711,1876,5.784226417541504,2.7122132778167725,1.0236059427261353,1877,5.7564239501953125,2.766582727432251,1.0198590755462646,1878,5.640051364898682,2.7187411785125732,1.0945488214492798,1822,5.670263290405273,2.652989625930786,1.096543550491333,5.712741255760193,2.7126317024230957,1.0586393475532532,0.43641441569924583,0.25205782964629997,0.8637183037795845,0.00980997254126513,0.5755306509880608,0.9214320212682813
thumb,??,thumb,1351,2702,2703,1875,5.883377552032471,2.720533609390259,0.9388740062713623,1874,5.860448837280273,2.765394449234009,0.9434582591056824,1876,5.784226417541504,2.7122132778167725,1.0236059427261353,1827,5.8127336502075195,2.6585428714752197,1.0170961618423462,5.835196614265442,2.714171051979065,0.9807585924863815,0.6191680278984908,0.2390015256775427,0.7480034919384404,0.006816447427661553,0.6185746381829956,0.9571303121864954
thumb,??,thumb,1368,2736,2737,1801,4.814988136291504,2.6403133869171143,1.2150259017944336,1802,4.783497333526611,2.7253689765930176,1.1522349119186401,1887,4.991583347320557,2.7879221439361572,1.1358364820480347,1807,5.023730754852295,2.7044517993927,1.2001835107803345,4.903449892997742,2.7145140767097473,1.1758202016353607,-0.11259459044876012,0.5709767680184328,0.8132084533407783,0.024075394855219034,0.2818438504913824,0.6871573353704222
thumb,??,thumb,1353,2706,2707,257,5.939987659454346,2.729097604751587,0.8587386608123779,1832,5.902685642242432,2.6743032932281494,0.9177706241607666,1875,5.883377552032471,2.720533609390259,0.9388740062713623,256,5.921439170837402,2.766932487487793,0.8729349374771118,5.911872506141663,2.722716748714447,0.8970795571804047,0.8050038215649722,0.1184058123328541,0.5813337345033296,0.004377376042038539,0.6397316579616906,0.9805210085583811
thumb,??,thumb,1358,2716,2717,1881,5.446285724639893,2.7345378398895264,1.145938754081726,1880,5.609943389892578,2.780128240585327,1.0743894577026367,1878,5.640051364898682,2.7187411785125732,1.0945488214492798,1817,5.478427410125732,2.6582393646240234,1.1680086851119995,5.543676972389221,2.7229116559028625,1.1207214295864105,0.2656135948424336,0.39044428752798066,0.8814775530730474,0.014579714231958772,0.506621403185823,0.8738447305288869
thumb,??,thumb,1371,2742,2743,1890,4.756326675415039,2.7944252490997314,1.0706547498703003,1797,4.550551891326904,2.7207348346710205,1.0668413639068604,1796,4.57451868057251,2.65342378616333,1.14872145652771,1802,4.783497333526611,2.7253689765930176,1.1522349119186401,4.666223645210266,2.723488211631775,1.1096131205558777,-0.25780088617779956,0.7007199429717682,0.665229482665631,0.02405574945431093,0.18931832739503768,0.6196379384927735
thumb,??,thumb,103,206,207,32,5.9549946784973145,2.763606548309326,0.8158989548683167,257,5.939987659454346,2.729097604751587,0.8587386608123779,260,5.955338001251221,2.697897434234619,0.82877117395401,258,5.969217777252197,2.7553658485412598,0.7808157801628113,5.9548845291137695,2.736491858959198,0.821056142449379,0.9245260713532254,0.07791378053292435,0.37306968007496644,0.0025865434399052092,0.6447350376394549,0.9948719163015243
thumb,??,thumb,1361,2722,2723,1881,5.446285724639893,2.7345378398895264,1.145938754081726,1883,5.41566276550293,2.8098838329315186,1.1095951795578003,1884,5.226436614990234,2.7615835666656494,1.1620638370513916,1812,5.25803804397583,2.6790897846221924,1.202502727508545,5.336605787277222,2.7462737560272217,1.1550251245498657,0.12216148300331577,0.4726988088661276,0.8727155367970567,0.0189168665751253,0.4139879732809845,0.8170342076067979
thumb,??,thumb,1354,2708,2709,1873,5.836899757385254,2.8031983375549316,0.937207818031311,1874,5.860448837280273,2.765394449234009,0.9434582591056824,1876,5.784226417541504,2.7122132778167725,1.0236059427261353,1877,5.7564239501953125,2.766582727432251,1.0198590755462646,5.809499740600586,2.761847198009491,0.9810327738523483,0.5488829510220098,0.3861999662425961,0.741334669465544,0.006438674781229273,0.5728540253623973,0.9562110007183887
thumb,??,thumb,101,202,203,32,5.9549946784973145,2.763606548309326,0.8158989548683167,255,5.939713001251221,2.7965075969696045,0.8089558482170105,256,5.921439170837402,2.766932487487793,0.8729349374771118,257,5.939987659454346,2.729097604751587,0.8587386608123779,5.939033627510071,2.7640360593795776,0.8391321003437042,0.8179560737147538,0.34390820106882386,0.4611670095645933,0.0024686314667636622,0.6179577304071381,0.9940495758842807
thumb,??,thumb,1350,2700,2701,1872,5.902005195617676,2.804469585418701,0.8718466758728027,1874,5.860448837280273,2.765394449234009,0.9434582591056824,1875,5.883377552032471,2.720533609390259,0.9388740062713623,256,5.921439170837402,2.766932487487793,0.8729349374771118,5.891817688941956,2.7643325328826904,0.9067784696817398,0.708251205143039,0.3378279641071063,0.6198810346192896,0.0041106720242488955,0.6006806938333601,0.9804070019468057
thumb,??,thumb,1357,2714,2715,1878,5.640051364898682,2.7187411785125732,1.0945488214492798,1877,5.7564239501953125,2.766582727432251,1.0198590755462646,1879,5.729528903961182,2.811460256576538,1.0029772520065308,1880,5.609943389892578,2.780128240585327,1.0743894577026367,5.6839869022369385,2.7692281007766724,1.047943651676178,0.34591023767212503,0.46885126862196136,0.8127266424728496,0.009106661768581638,0.5218877760370598,0.9208479797852986
thumb,??,thumb,1364,2728,2729,1884,5.226436614990234,2.7615835666656494,1.1620638370513916,1886,5.194754600524902,2.8412134647369385,1.1011985540390015,1887,4.991583347320557,2.7879221439361572,1.1358364820480347,1807,5.023730754852295,2.7044517993927,1.2001835107803345,5.109126329421997,2.7737927436828613,1.1498205959796906,-0.021322996912269406,0.6035462478430571,0.79704281975139,0.02297464203669245,0.3108074911425227,0.7548785180102786
thumb,??,thumb,1370,2740,2741,1890,4.756326675415039,2.7944252490997314,1.0706547498703003,1892,4.73408317565918,2.845829486846924,0.9772980809211731,1893,4.534063339233398,2.7686800956726074,0.9721595644950867,1797,4.550551891326904,2.7207348346710205,1.0668413639068604,4.64375627040863,2.782417416572571,1.021738439798355,-0.3126220995160203,0.8117523620890792,0.4932803721383978,0.02340213835784032,0.1361627097913777,0.6211952606551839
thumb,??,thumb,1367,2734,2735,1890,4.756326675415039,2.7944252490997314,1.0706547498703003,1889,4.962479591369629,2.856809377670288,1.055396318435669,1887,4.991583347320557,2.7879221439361572,1.1358364820480347,1802,4.783497333526611,2.7253689765930176,1.1522349119186401,4.873471736907959,2.7911314368247986,1.103530615568161,-0.16626671779514987,0.7215643356696395,0.6720865182722087,0.0238708576217994,0.21245610287961877,0.6889598296907113
thumb,??,thumb,1360,2720,2721,1881,5.446285724639893,2.7345378398895264,1.145938754081726,1880,5.609943389892578,2.780128240585327,1.0743894577026367,1882,5.580180644989014,2.8445658683776855,1.045780897140503,1883,5.41566276550293,2.8098838329315186,1.1095951795578003,5.5130181312561035,2.7922789454460144,1.0939260721206665,0.227511595419976,0.4894499338323071,0.8418296954972585,0.015063313275521541,0.442529410344421,0.8744573106004458
thumb,??,thumb,1348,2696,2697,256,5.921439170837402,2.766932487487793,0.8729349374771118,1872,5.902005195617676,2.804469585418701,0.8718466758728027,1870,5.919869422912598,2.828324556350708,0.8072695136070251,255,5.939713001251221,2.7965075969696045,0.8089558482170105,5.920756697654724,2.7990585565567017,0.8402517437934875,0.7854733421857716,0.4613445345046214,0.412544360279265,0.002794295881778661,0.5845883409697711,0.993548072916676
thumb,??,thumb,1349,2698,2699,1872,5.902005195617676,2.804469585418701,0.8718466758728027,1871,5.879309177398682,2.8372790813446045,0.8648402094841003,1873,5.836899757385254,2.8031983375549316,0.937207818031311,1874,5.860448837280273,2.765394449234009,0.9434582591056824,5.869665741920471,2.8025853633880615,0.9043382406234741,0.6042080848755784,0.5105533298820496,0.6117743763164136,0.0038071575516914445,0.5634428821954306,0.9792248049492137
thumb,??,thumb,2147,4294,4295,2842,5.817620277404785,2.838019847869873,0.9236878752708435,1879,5.729528903961182,2.811460256576538,1.0029772520065308,1877,5.7564239501953125,2.766582727432251,1.0198590755462646,1873,5.836899757385254,2.8031983375549316,0.937207818031311,5.785118222236633,2.8048152923583984,0.9709330052137375,0.46977118952404084,0.5388905476931829,0.6992224303468167,0.005846499266950546,0.5312069878451566,0.9550282704381913
thumb,??,thumb,6870,13740,13741,1882,5.580180644989014,2.8445658683776855,1.045780897140503,1880,5.609943389892578,2.780128240585327,1.0743894577026367,1879,5.729528903961182,2.811460256576538,1.0029772520065308,50,5.704773426055908,2.85874080657959,0.9802725911140442,5.65610659122467,2.823723793029785,1.0258550494909286,0.33998099738218457,0.524454154247001,0.78061562981539,0.009533415398253132,0.47016619765929213,0.9202296149422823
thumb,??,thumb,1363,2726,2727,1884,5.226436614990234,2.7615835666656494,1.1620638370513916,1883,5.41566276550293,2.8098838329315186,1.1095951795578003,1885,5.383027076721191,2.8845415115356445,1.0524225234985352,1886,5.194754600524902,2.8412134647369385,1.1011985540390015,5.3049702644348145,2.8243055939674377,1.1063200235366821,0.0585091259860181,0.6218536099100387,0.7809447931948875,0.020531777678250013,0.3429205739221241,0.8185500623895312
thumb,??,thumb,1347,2694,2695,1870,5.919869422912598,2.828324556350708,0.8072695136070251,1869,5.898983478546143,2.8608925342559814,0.8063790202140808,1871,5.879309177398682,2.8372790813446045,0.8648402094841003,1872,5.902005195617676,2.804469585418701,0.8718466758728027,5.900041818618774,2.832741439342499,0.8375838547945023,0.7269593853615893,0.536392871735983,0.42873387921358125,0.0026408517772530593,0.5513624978430703,0.9921566380752193
thumb,??,thumb,2145,4290,4291,1873,5.836899757385254,2.8031983375549316,0.937207818031311,2842,5.817620277404785,2.838019847869873,0.9236878752708435,2841,5.855205059051514,2.869269609451294,0.8576148152351379,1871,5.879309177398682,2.8372790813446045,0.8648402094841003,5.847258567810059,2.836941719055176,0.8958376795053482,0.5757853956051086,0.5591089833589237,0.5965469997705289,0.0034277273292952814,0.5290911581644837,0.9774351527916555
thumb,??,thumb,2146,4292,4293,2842,5.817620277404785,2.838019847869873,0.9236878752708435,51,5.798791408538818,2.8720672130584717,0.9104093313217163,50,5.704773426055908,2.85874080657959,0.9802725911140442,1879,5.729528903961182,2.811460256576538,1.0029772520065308,5.762678503990173,2.845072031021118,0.9543367624282837,0.45249429864282087,0.5522817172646975,0.7001669904179277,0.005910334447898022,0.49233357864503335,0.9540370448535224
thumb,??,thumb,1366,2732,2733,1888,5.16448974609375,2.909433603286743,1.024471402168274,1886,5.194754600524902,2.8412134647369385,1.1011985540390015,1887,4.991583347320557,2.7879221439361572,1.1358364820480347,1889,4.962479591369629,2.856809377670288,1.055396318435669,5.0783268213272095,2.8488446474075317,1.0792256891727448,-0.08330455794795086,0.7351394825105737,0.6727780405744396,0.022981248060811504,0.24231969024242167,0.7562286484496133
thumb,??,thumb,1345,2690,2691,1867,5.937368392944336,2.840179443359375,0.7538673281669617,1868,5.916554927825928,2.8770270347595215,0.7507380843162537,1869,5.898983478546143,2.8608925342559814,0.8063790202140808,1870,5.919869422912598,2.828324556350708,0.8072695136070251,5.918194055557251,2.8516058921813965,0.7795634865760803,0.7836128502656029,0.4926500244142912,0.3784796617299485,0.002379401691191956,0.5434985947453722,1.0
thumb,??,thumb,1369,2738,2739,1890,4.756326675415039,2.7944252490997314,1.0706547498703003,1889,4.962479591369629,2.856809377670288,1.055396318435669,1891,4.936532497406006,2.909966230392456,0.9648293852806091,1892,4.73408317565918,2.845829486846924,0.9772980809211731,4.847355484962463,2.85175758600235,1.0170446336269379,-0.21904487310784443,0.8224564281663944,0.5249616817758651,0.02325403349706101,0.1566857653556197,0.6896920473741577
thumb,??,thumb,2157,4314,4315,1883,5.41566276550293,2.8098838329315186,1.1095951795578003,1885,5.383027076721191,2.8845415115356445,1.0524225234985352,2852,5.548911094665527,2.9073989391326904,0.9931230545043945,1882,5.580180644989014,2.8445658683776855,1.045780897140503,5.4819453954696655,2.8615975379943848,1.0502304136753082,0.15859394152700224,0.6601840323234104,0.7341696024599029,0.016726622327724365,0.3783251748874121,0.8749432767096765
thumb,??,thumb,2143,4286,4287,2840,5.873873233795166,2.897207736968994,0.8055553436279297,2841,5.855205059051514,2.869269609451294,0.8576148152351379,1871,5.879309177398682,2.8372790813446045,0.8648402094841003,1869,5.898983478546143,2.8608925342559814,0.8063790202140808,5.876842737197876,2.8661622405052185,0.8335973471403122,0.6786212002135423,0.5467421053494176,0.4904552343066773,0.0026361660289856165,0.5174398906113458,0.9900093988561631
thumb,??,thumb,2144,4288,4289,2841,5.855205059051514,2.869269609451294,0.8576148152351379,52,5.823906421661377,2.9006876945495605,0.855277955532074,51,5.798791408538818,2.8720672130584717,0.9104093313217163,2842,5.817620277404785,2.838019847869873,0.9236878752708435,5.8238807916641235,2.8700110912323,0.8867474943399429,0.5729476280075209,0.5774457002682186,0.5816248608874125,0.0030555889603646838,0.4953726346874144,0.975188011579121
thumb,??,thumb,2158,4316,4317,50,5.704773426055908,2.85874080657959,0.9802725911140442,1882,5.580180644989014,2.8445658683776855,1.045780897140503,2852,5.548911094665527,2.9073989391326904,0.9931230545043945,49,5.678665637969971,2.9104156494140625,0.9419316053390503,5.628132700920105,2.880280315876007,0.990277037024498,0.2681235440696362,0.6781413848916812,0.6842762798846171,0.011005154772733169,0.4168356390979849,0.919866291882657
thumb,??,thumb,5,10,11,1,5.760287284851074,2.9035887718200684,0.9037324786186218,49,5.678665637969971,2.9104156494140625,0.9419316053390503,50,5.704773426055908,2.85874080657959,0.9802725911140442,51,5.798791408538818,2.8720672130584717,0.9104093313217163,5.735629439353943,2.886203110218048,0.9340865015983582,0.3802150787125192,0.6508577621851704,0.6571306318556036,0.005721140385390083,0.451127362450082,0.9518297433175075
thumb,??,thumb,2160,4320,4321,2851,5.353460311889648,2.9472155570983887,0.9803265929222107,1888,5.16448974609375,2.909433603286743,1.024471402168274,1886,5.194754600524902,2.8412134647369385,1.1011985540390015,1885,5.383027076721191,2.8845415115356445,1.0524225234985352,5.273932933807373,2.8956010341644287,1.0396047681570053,0.0011169779395766761,0.7511111535946723,0.6601748157162336,0.020537314003534087,0.27721812863456907,0.8193169513172155
thumb,??,thumb,2142,4284,4285,2840,5.873873233795166,2.897207736968994,0.8055553436279297,2839,5.828271389007568,2.9307234287261963,0.804130494594574,52,5.823906421661377,2.9006876945495605,0.855277955532074,2841,5.855205059051514,2.869269609451294,0.8576148152351379,5.845314025878906,2.8994721174240112,0.8306446522474289,0.5443584824831725,0.6736379216585229,0.4998857800059964,0.0029849742864333246,0.4805941056836463,0.9854330478706321
thumb,??,thumb,6,12,13,1,5.760287284851074,2.9035887718200684,0.9037324786186218,51,5.798791408538818,2.8720672130584717,0.9104093313217163,52,5.823906421661377,2.9006876945495605,0.855277955532074,53,5.767049312591553,2.9320077896118164,0.8610092997550964,5.787508606910706,2.9020878672599792,0.8826072663068771,0.45408970819883676,0.6974162427748681,0.5544484838302668,0.0033564471375739386,0.45772030975856703,0.9690391918761879
thumb,??,thumb,2163,4326,4327,1889,4.962479591369629,2.856809377670288,1.055396318435669,1891,4.936532497406006,2.909966230392456,0.9648293852806091,2853,5.137823104858398,2.9598395824432373,0.938048243522644,1888,5.16448974609375,2.909433603286743,1.024471402168274,5.050331234931946,2.909012198448181,0.995686337351799,-0.13678028768569803,0.8367296020111354,0.5302591121507528,0.02223429469815108,0.18622122264171587,0.7563534460271388
thumb,??,thumb,2155,4310,4311,2849,5.523665904998779,2.9648337364196777,0.934353232383728,2851,5.353460311889648,2.9472155570983887,0.9803265929222107,1885,5.383027076721191,2.8845415115356445,1.0524225234985352,2852,5.548911094665527,2.9073989391326904,0.9931230545043945,5.452266097068787,2.9259974360466003,0.9900563508272171,0.11149110640990718,0.7549681706395391,0.646214201726241,0.01648322883058603,0.3183837153703102,0.8751596117654903
thumb,??,thumb,7,14,15,1,5.760287284851074,2.9035887718200684,0.9037324786186218,53,5.767049312591553,2.9320077896118164,0.8610092997550964,54,5.658486843109131,2.9594438076019287,0.892473042011261,49,5.678665637969971,2.9104156494140625,0.9419316053390503,5.716122269630432,2.926364004611969,0.8997866064310074,0.3441370911661692,0.7429484709874882,0.5741055930236537,0.006215103919222401,0.4133862014467663,0.9516752468543227
thumb,??,thumb,2149,4298,4299,53,5.767049312591553,2.9320077896118164,0.8610092997550964,2844,5.753349304199219,2.971151113510132,0.8123464584350586,2839,5.828271389007568,2.9307234287261963,0.804130494594574,52,5.823906421661377,2.9006876945495605,0.855277955532074,5.793144106864929,2.9336425065994263,0.8331910520792007,0.45871092135926833,0.7498265120161199,0.47680655669094013,0.004428745986931238,0.43563672259430264,0.9749926986411049
thumb,??,thumb,2156,4312,4313,2849,5.523665904998779,2.9648337364196777,0.934353232383728,2852,5.548911094665527,2.9073989391326904,0.9931230545043945,49,5.678665637969971,2.9104156494140625,0.9419316053390503,54,5.658486843109131,2.9594438076019287,0.892473042011261,5.602432370185852,2.93552303314209,0.9404702335596085,0.22899684165785647,0.7402814342279006,0.6320948066929588,0.011098102211468676,0.36533030092803,0.919981964527384
thumb,??,thumb,2159,4318,4319,2851,5.353460311889648,2.9472155570983887,0.9803265929222107,2850,5.328271389007568,2.9949870109558105,0.9021511077880859,2853,5.137823104858398,2.9598395824432373,0.938048243522644,1888,5.16448974609375,2.909433603286743,1.024471402168274,5.246011137962341,2.952868938446045,0.9612493366003036,-0.05292206543800616,0.8502024012855198,0.5237892055379827,0.01958553371698947,0.22336264080073048,0.8190661248407125
thumb,??,thumb,2148,4296,4297,2843,5.747344493865967,3.001291513442993,0.7575461864471436,2837,5.827357292175293,2.9537525177001953,0.748250424861908,2839,5.828271389007568,2.9307234287261963,0.804130494594574,2844,5.753349304199219,2.971151113510132,0.8123464584350586,5.789080619812012,2.964229643344879,0.780568391084671,0.4919255400394094,0.7963857077254225,0.35182249443094665,0.00542514169904508,0.4107901831114331,0.9780029748986762
thumb,??,thumb,2151,4302,4303,2844,5.753349304199219,2.971151113510132,0.8123464584350586,2846,5.642913341522217,3.0024218559265137,0.8342626094818115,54,5.658486843109131,2.9594438076019287,0.892473042011261,53,5.767049312591553,2.9320077896118164,0.8610092997550964,5.70544970035553,2.9662561416625977,0.8500228524208069,0.3367680436656892,0.7889349921085199,0.5139736014546995,0.007913394926434666,0.3790407790838457,0.9540442179340781
thumb,??,thumb,2154,4308,4309,2849,5.523665904998779,2.9648337364196777,0.934353232383728,2848,5.500955104827881,3.0087687969207764,0.8641613125801086,2850,5.328271389007568,2.9949870109558105,0.9021511077880859,2851,5.353460311889648,2.9472155570983887,0.9803265929222107,5.426588177680969,2.9789512753486633,0.9202480614185333,0.0474475217405167,0.8564446372519849,0.5140538065251528,0.01602448894425454,0.268635964554058,0.874968394802659
thumb,??,thumb,2153,4306,4307,2849,5.523665904998779,2.9648337364196777,0.934353232383728,2848,5.500955104827881,3.0087687969207764,0.8641613125801086,2846,5.642913341522217,3.0024218559265137,0.8342626094818115,54,5.658486843109131,2.9594438076019287,0.892473042011261,5.581505298614502,2.983867049217224,0.8813125491142273,0.16970403775621828,0.8388636439190772,0.517212071088875,0.011422749375481937,0.3208216560362786,0.9205363825985013
thumb,??,thumb,2150,4300,4301,2844,5.753349304199219,2.971151113510132,0.8123464584350586,2843,5.747344493865967,3.001291513442993,0.7575461864471436,2845,5.633922100067139,3.0336954593658447,0.7728073000907898,2846,5.642913341522217,3.0024218559265137,0.8342626094818115,5.694382309913635,3.002139985561371,0.7942406386137009,0.3119410339206622,0.8561149237425,0.41201945184891653,0.007764805759980971,0.3476165025388195,0.9557499697931198
thumb,??,thumb,6621,13242,13243,2848,5.500955104827881,3.0087687969207764,0.8641613125801086,2850,5.328271389007568,2.9949870109558105,0.9021511077880859,2854,5.30860710144043,3.0235440731048584,0.819203794002533,2847,5.485898494720459,3.0372812747955322,0.7935929894447327,5.4059330224990845,3.0161452889442444,0.844777300953865,-0.009961299717347277,0.9365422491024475,0.35041316778065057,0.01493719228745551,0.23274797057470226,0.8740749985083329
thumb,??,thumb,2152,4304,4305,2846,5.642913341522217,3.0024218559265137,0.8342626094818115,2845,5.633922100067139,3.0336954593658447,0.7728073000907898,2847,5.485898494720459,3.0372812747955322,0.7935929894447327,2848,5.500955104827881,3.0087687969207764,0.8641613125801086,5.565922260284424,3.0205418467521667,0.8162060528993607,0.10035276640072216,0.9130930027063237,0.3952094263608496,0.010830221641189814,0.2871621449447292,0.9210417952911808
