quad_id_0based,face_id_1based,center_x,center_y,center_z,u,v,sensor_00,sensor_10,sensor_01,sensor_11,weight_00,weight_10,weight_01,weight_11
117,118,-0.5287214367499999,0.44173888850000004,1.0867900549999998,0.22272278768294557,0.03922953747187736,0,1,5,6,0.04918479359588421,0.4016016817978328,0.059924055672333526,0.4892894689339495
2602,2603,2.0424494425,2.4191459424999997,0.82544873675,0.9883204375168109,0.7216732123252573,53,54,58,59,0.04188641621570884,0.8546886112306886,0.004831833717047686,0.09859313883655481
2604,2605,1.9283236550000002,2.253624915,0.93506856275,0.9543380851960948,0.6645485155947038,48,49,53,54,0.12718136083597423,0.5691394208381717,0.05546629837964676,0.24821291994620734
2605,2606,2.0161226375,2.1305779225,0.9897856572500001,0.9804813085820924,0.6220824782800841,43,44,48,49,0.02270767896264813,0.26813762511617356,0.05536708670898239,0.6537876092121959
2855,2856,-1.1130534425,3.0573136200000004,1.079631805,0.04873076951906425,0.9419179485442205,65,66,70,71,0.6546472688704952,0.15850145151041703,0.1504296530532478,0.03642162656583997
2856,2857,-0.986385838,3.0734491925,1.123506875,0.08644760160436431,0.9474866650967826,65,66,70,71,0.48096618478576947,0.25422050385927425,0.17324340879677325,0.09156990255818295
2858,2859,-0.83978839225,3.0950886024999997,1.145094635,0.13009878824606505,0.9549548686981534,65,66,70,71,0.30245408629556475,0.3281777519302877,0.17715076072017508,0.19221740105397248
2860,2861,-0.66874212025,3.1214721825000002,1.147052675,0.18102991262712617,0.964060382534855,65,66,70,71,0.1388104791762479,0.36434416533578196,0.13706987031524742,0.35977548517272273
2862,2863,-0.4837399125,3.1510669,1.1270163925,0.2361165879665698,0.9742741256921339,65,66,70,71,0.02000112312443503,0.34016111718568953,0.03553252500928571,0.6043052346805897
2864,2865,-0.2972114495,3.1819434175,1.088861315,0.29165772451739247,0.9849302442827651,66,67,71,72,0.175821363037362,0.035155217003926376,0.6575477388930682,0.1314756810656435
2866,2867,-0.11063943315,3.2127118125000003,1.045835765,0.34721182961210756,0.9955490475841215,66,67,71,72,0.03808296106191628,0.024230372760382916,0.5730697204896534,0.3646169456880473
2948,2949,1.9157640925,2.6811521050000002,0.8031647502499999,0.9505983214913397,0.8120969053170657,58,59,63,64,0.12461935529200369,0.5060239702690776,0.07298735874263745,0.2963693156962813
2949,2950,1.9735997625000001,2.5456432725,0.80518551175,0.9678196012537658,0.7653300317796603,53,54,58,59,0.03673451150660144,0.24864504357815434,0.09198708347833552,0.6226333614369087
2950,2951,1.72125983,2.6600006825,0.85392946,0.8926822928623495,0.8047971161967238,58,59,63,64,0.3145869942185861,0.4182533790272814,0.1146838343320161,0.15247579242211642
2951,2952,1.78055939,2.51444942,0.8647670300000001,0.9103394638184181,0.7545643943809913,53,54,58,59,0.15640329370070633,0.27969518496541496,0.20223885102562117,0.36166267030825755
2952,2953,1.5829549425,2.4823990474999995,0.9111003129999999,0.8515003170998426,0.7435031543873971,53,54,58,59,0.35102701854639246,0.23992882003004884,0.24297171305423698,0.16607244836932172
2953,2954,1.6509202725,2.3397120825,0.94582724575,0.8717378273089507,0.6942589603043942,48,49,53,54,0.14384579874522122,0.13652875699325992,0.3692028920189761,0.35042255224254276
2954,2955,1.8493202924999999,2.379666805,0.89137473725,0.9308138654924955,0.7080481533769535,48,49,53,54,0.024166952769807588,0.06315889995284389,0.2525775852602106,0.660096562017138
2955,2956,1.451307235,2.2978674775,0.98606744475,0.812300598294138,0.6798175300732121,48,49,53,54,0.362300823056149,0.12025375591888102,0.38849678376729885,0.1289486372576711
2956,2957,1.5252039425,2.1544394474999997,1.03697067475,0.8343042488679043,0.6303175792804903,43,44,48,49,0.11635413471931845,0.05919975535381748,0.5464288698090642,0.2780172401177998
2957,2958,1.7278137199999999,2.2048891175,0.99346446875,0.8946337939553975,0.6477287936889226,48,49,53,54,0.39271961172056485,0.5390772766345192,0.028745212457844973,0.039457899187071016
2958,2959,1.6057120875,2.014083475,1.09093058,0.858276536008331,0.5818778584517611,43,44,48,49,0.4839629433891761,0.36974703828616784,0.08293091257749997,0.06335910574715607
2959,2960,1.8114548925,2.0725918125000002,1.0487778474999998,0.9195389784424076,0.6020702840690827,43,44,48,49,0.18377813015590455,0.38723789287693705,0.13806595607446498,0.2909180208926934
2960,2961,1.689500185,1.87425417,1.1441787475,0.8832254692152761,0.5336199013642903,38,39,43,44,0.2472450235556485,0.28207635734428743,0.21985309958324703,0.25082551951681703
2961,2962,1.8983643975,1.93999845,1.10612741,0.945417348998484,0.5563095989422527,38,39,43,44,0.046213081528446415,0.1654525332800155,0.17211752247761777,0.6162168627139203
2962,2963,1.7712270325,1.7314321124999998,1.1925506575,0.9075606399654139,0.48432908409262254,33,34,38,39,0.081122128507492,0.1382706941957922,0.2886353116308523,0.4919718656658635
2963,2964,1.9821854549999998,1.802282035,1.1586781425,0.9703760964494929,0.5087808434692112,38,39,43,44,0.10392873404068392,0.7731394573903599,0.014566880161344659,0.10836492840761147
2964,2965,1.8493080124999999,1.5829845674999998,1.2341791075000001,0.9308102089719523,0.4330967958655559,33,34,38,39,0.2592250479374643,0.6774198099447537,0.017534116174726406,0.045821025943055635
2965,2966,2.0605874049999997,1.65606266,1.2058369825000002,0.9937212382083715,0.4583175423456964,33,34,38,39,0.014655996460056699,0.5688984107001941,0.010459050706457106,0.40598654213329216
3183,3184,-1.23778489,2.8315168025000004,1.00687345775,0.011590451916279606,0.8639908421382888,60,61,65,66,0.8622111918843643,0.04191701817959298,0.09142700045051717,0.004444789485525444
3184,3185,-1.2253108025000001,3.0478910800000003,1.016895905,0.015304764391927886,0.9386660370012504,65,66,70,71,0.8061081782190259,0.0525673037634688,0.1326727642132626,0.008651753804242747
3185,3186,-1.251524685,2.6147237425000003,0.9978299429999999,0.007499259515925613,0.7891711168572292,55,56,60,61,0.9230590516703345,0.02854531232845712,0.04694391026596299,0.0014517257352453352
3186,3187,-1.1291224949999998,2.62148863,1.07056102,0.04394601214321632,0.7915058180893961,55,56,60,61,0.7573873242923171,0.16153122245613705,0.06682862713481758,0.014252826116728234
3187,3188,-1.121269375,2.8395546075,1.07464671,0.046284374896304506,0.86676485327113,60,61,65,66,0.7050940468778619,0.16019800732631898,0.1097684535369201,0.024939492258899035
3188,3189,-0.98775954475,2.6359277375000003,1.1245334125,0.0860385635789851,0.7964890498240915,55,56,60,61,0.5569135808537439,0.29223972160897527,0.09893216483031576,0.0519145327069651
3189,3190,-0.9883017245,2.85462594,1.12247607,0.08587712291172438,0.8719662788023231,60,61,65,66,0.520251202134626,0.2722208946328498,0.13624030621847644,0.07128759701404767
3190,3191,-0.826125741,2.656814935,1.1549778275,0.1341670101491347,0.8036976494851747,55,56,60,61,0.3466802189866238,0.4015526882209295,0.11665174041683735,0.13511535237560934
3191,3192,-0.834652394,2.8754898925,1.1472583699999999,0.13162809468831047,0.8791668561378111,60,61,65,66,0.3274943487242937,0.36416966534635076,0.14599327252246444,0.16234271340689108
3192,3193,-0.64753381925,2.6827473075,1.1590338375,0.18734494424700263,0.8126474423721617,55,56,60,61,0.15612031081979755,0.4668154959699397,0.09449991219219195,0.2825642810180708
3193,3194,-0.6602152735,2.9013752975,1.1498262875,0.18356888577938815,0.888100439578577,60,61,65,66,0.1505578419746938,0.416036003925228,0.11516661490775358,0.3182395391923246
3194,3195,-0.46059943000000003,2.7120476974999996,1.1366778625,0.24300695031510006,0.8227596070808837,55,56,60,61,0.013464851456656293,0.46790064941097226,0.014507347282943481,0.504127151849428
3195,3196,-0.47454754275,2.930578175,1.12809801,0.23885372875087144,0.8981789507263344,60,61,65,66,0.018970716911694857,0.4065239729196248,0.0256143680848194,0.5488909420838609
3196,3197,-0.27283572,2.7430965300000003,1.0963033425,0.2989158968033316,0.833475195107307,56,57,61,62,0.266514673330104,0.06483259516759747,0.5378217394565696,0.13083099204572887
3197,3198,-0.28764319775,2.961138905,1.088724225,0.29450678877521247,0.9087260845828731,61,62,66,67,0.22837267398785258,0.04946214185192396,0.5936001709112976,0.1285650132489259
3198,3199,-0.08505437896500001,2.7751849875000003,1.0520443925,0.354830093148377,0.8445495790144439,56,57,61,62,0.10237724072006651,0.07392865307771876,0.47830238668642555,0.3453917195157892
3199,3200,-0.10073400459000001,2.992112695,1.0455803,0.35016129239862814,0.9194157739055535,61,62,66,67,0.07682480189323485,0.05135436342901642,0.5225300285122526,0.3492908061654961
3200,3201,0.104236218785,2.8077473625000002,1.0135194832499999,0.4111936891826165,0.8557875215574333,56,57,61,62,0.006740291782616328,0.012234406413316787,0.34848495148691766,0.6325403503171493
3201,3202,0.08710945591,3.02270901,1.00730820225,0.4060939855759132,0.929975188874431,66,67,71,72,0.3682420517216921,0.612105304036275,0.007382005974655127,0.012270638267377707
3202,3203,0.29442396375,2.8397077325,0.9832672035000001,0.4678244217984432,0.8668176998448793,61,62,66,67,0.11126986796121333,0.7532823342104756,0.01743244484501392,0.11801535298329716
3203,3204,0.27576057624999994,3.0519372799999998,0.97800901525,0.46226716937183404,0.9400624634940181,66,67,71,72,0.12665032314198488,0.7124751879417621,0.024280999370678943,0.13659348954557404
3204,3205,0.48460549875000003,2.870069505,0.9580154120000001,0.5244533053210617,0.8772961693931944,62,63,67,68,0.6476380526815689,0.07021557581370806,0.2545487260341842,0.027597645470538792
3205,3206,0.46453263624999996,3.0790261025,0.95515888925,0.5184763644341452,0.949411370961985,67,68,72,73,0.6558979455377216,0.05234286099448826,0.2701965967256974,0.021562596742092714
3206,3207,0.67440216275,2.8981184975000005,0.93610495325,0.5809675887852138,0.8869764511940073,62,63,67,68,0.3937303619496805,0.18859932133421797,0.28239928290946426,0.1352710338066373
3207,3208,0.6528820842499999,3.1032886525,0.9354349672500001,0.574559721592565,0.9577848739035366,67,68,72,73,0.41474907462063637,0.17626269072985057,0.28701203900910377,0.1219761956404093
3208,3209,0.8641978055,2.9235057825000004,0.920030132,0.6374815681596588,0.895738123220464,62,63,67,68,0.20688371369263442,0.25278256122086945,0.24319001366873022,0.2971437114177659
3209,3210,0.8412400335,3.124262215,0.9202188252499999,0.6306456101023907,0.9650232798950159,67,68,72,73,0.23377900496999005,0.2558950764997875,0.24363855462044703,0.26668736390977543
3210,3211,1.0541774474999999,2.9457889775,0.9111771882499999,0.6940503355664774,0.9034285102111004,62,63,67,68,0.07877731932782948,0.27322353771676433,0.14502133840626077,0.5029778045491454
3211,3212,1.02894307575,3.141685545,0.9104567020000001,0.6865364920243208,0.9710364279361998,67,68,72,73,0.10293527365380813,0.30255473523939486,0.15091875824890882,0.4435912328578882
3212,3213,1.24521774,2.964276195,0.9058150647500001,0.7509349246624142,0.9098088276186834,63,64,68,69,0.2616940827101743,0.0009823306282584101,0.7345662186401689,0.0027573680213983207
3213,3214,1.2168794274999999,3.155116915,0.9038370099999999,0.7424968447100673,0.9756718688195392,67,68,72,73,0.010222113785007718,0.3303717227414441,0.019790507374723192,0.639615656098825
3214,3215,1.4366776925,2.9782939575,0.89605453575,0.8079444726680529,0.9146466445640467,63,64,68,69,0.14976257718918742,0.045184398914159894,0.6184595321386009,0.18659349175805176
3215,3216,1.405601175,3.1642324924999996,0.8969430325,0.7986910586087116,0.978817841316667,68,69,73,74,0.23879284469174683,0.057757376874914945,0.5664429208734069,0.13700685755993142
3216,3217,1.6280130425000001,2.9882219425,0.87433658525,0.8649169187517879,0.9180729955288537,63,64,68,69,0.07941699828546712,0.06756106431058105,0.46091532670738133,0.3921066106965705
3217,3218,1.5937985475,3.1695218075000002,0.8845858575,0.8547291334226802,0.9806432922569557,68,69,73,74,0.15747007964329351,0.11352382875932611,0.4236133866659857,0.3053927049313947
3218,3219,1.8185586350000003,2.9954552025000005,0.83752635125,0.9216542048580908,0.9205693417038029,63,64,68,69,0.03510807207257055,0.07692114407418832,0.27827510849506626,0.6096956753581748
3219,3220,1.7798160925000002,3.1730372300000003,0.8563783764999999,0.9101181378755491,0.9818565365632856,68,69,73,74,0.09132302362841165,0.16268546448558982,0.26820442486939206,0.4777870870166065
3220,3221,2.00309527,3.0030128925,0.786076218,0.9766022502036653,0.9231776553166066,63,64,68,69,0.007067320796171221,0.06844550477133628,0.08652367838916754,0.837963496043325
3221,3222,1.95864016,3.1781716949999996,0.81280335775,0.9633651962164042,0.9836285455969935,68,69,73,74,0.03358684110354885,0.19561352053854217,0.11295237403083454,0.6578472643270744
3224,3225,1.864278345,2.8305500125,0.81554013475,0.9352678089983555,0.8636571831078543,63,64,68,69,0.2353143148202404,0.6734851216697985,0.023614449186337646,0.06758611432362344
3225,3226,2.0491079075,2.8421691025,0.75455969575,0.9903030770981162,0.867667169044747,63,64,68,69,0.033072698905487086,0.8195869344680541,0.005714992702048279,0.1416253739244105
3226,3227,1.6703951925,2.8178145875,0.8584946689999999,0.8775367234861863,0.8592619270981023,63,64,68,69,0.47532064406190166,0.49501237656466557,0.01453246199335322,0.015134517380079546
3227,3228,1.47647151,2.80206591,0.89059849075,0.8197935696696512,0.85382673593428,58,59,63,64,0.03346483647026516,0.01296086044981487,0.68736088485113,0.26621341822879
3228,3229,1.2824940375,2.7821040175,0.90822976825,0.7620343992211929,0.8469374779804505,58,59,63,64,0.1359976342792264,0.006877673994466484,0.8158647688360021,0.041259922890305
3229,3230,1.3288649325,2.6099547149999998,0.9189578295,0.7758419016782245,0.7875252277895263,58,59,63,64,0.8738999027087205,0.10074690823791188,0.02273249057838133,0.0026206984749862546
3230,3231,1.5248388625,2.6366479399999996,0.89250896875,0.8341955418223101,0.7967376064577618,58,59,63,64,0.5608657522120662,0.2848077573792679,0.10235208049869317,0.051974409909972694
3231,3232,1.132780315,2.5787261125,0.93368177125,0.7174553029740722,0.7767475974541208,52,53,57,58,0.01634181655416866,0.10919181908814068,0.11383697154954242,0.7606293928081482
3232,3233,1.18728465,2.4104068874999998,0.9664135575,0.7336846369006955,0.7186571854546736,52,53,57,58,0.061267412590833986,0.8775319910437348,0.003994039806383935,0.057206556559047245
3233,3234,1.3853456075,2.4484601025,0.94519689675,0.7926597150682252,0.7317901293430117,53,54,58,59,0.6261163970166306,0.12882179218120643,0.2032447427104686,0.041817068091694325
3234,3235,0.9891374122500001,2.368179915,0.97729283675,0.674683867731,0.7040837923677322,47,48,52,53,0.043028680832073805,0.0997982260196749,0.2582358482439263,0.598937244904325
3235,3236,1.04961660525,2.20247668,1.0214847785,0.6926922888741933,0.6468962120970224,47,48,52,53,0.21626853496312243,0.727184495678564,0.012962309540104312,0.04358465981820929
3236,3237,1.2504057874999999,2.2520939125000004,1.01123859,0.75247972940693,0.6640201352745285,48,49,53,54,0.6967379842284979,0.006980121928102368,0.29334309814378223,0.002938795699617535
3237,3238,1.117241114,2.04440111,1.0729723575,0.7128283153779129,0.5923410952448181,42,43,47,48,0.10515492905118158,0.602069737521365,0.04353180943716676,0.24924352399028668
3238,3239,1.3211441025,2.1015432475,1.0651303524999998,0.7735429298944079,0.6120620172601379,43,44,48,49,0.3905313393089629,0.04060041904910737,0.5152969411134056,0.053571300528524116
3239,3240,1.191337765,1.89060837,1.1239869,0.7348915015799545,0.5392640707449499,37,38,42,43,0.02721360923456265,0.4230894003361388,0.03322038444561922,0.5164766059836793
3240,3241,1.398822725,1.953763575,1.1160137350000001,0.7966726920227343,0.5610602255119382,38,39,43,44,0.11805740035074191,0.027099442482122985,0.695251831558321,0.15959132560881412
3241,3242,1.269246995,1.739040015,1.1718286575,0.7580899299184729,0.4869547270676103,33,34,38,39,0.17672384180119485,0.005909979252261534,0.7909164385249136,0.026449740421630084
3242,3243,1.4797009525,1.8072705275,1.16495809,0.8207551757644568,0.5105024744034148,38,39,43,44,0.6115585029473842,0.24140685540480925,0.10542079399478868,0.04161384765301788
3243,3244,1.3474598525,1.5874993199999998,1.2173346,0.7813787670673509,0.4346549294227924,33,34,38,39,0.8000059141569654,0.11482507392394081,0.07447901757363107,0.010689994345462694
3244,3245,1.55937606,1.6599864975,1.21175015,0.8444794157768722,0.4596717390335309,33,34,38,39,0.3512249835476497,0.21337066998291745,0.27085735334486133,0.16454699312457152
3245,3246,1.4258875549999999,1.432483435,1.2539591225,0.80473157694881,0.3811557725314219,28,29,33,34,0.5184917014407052,0.14532748311938837,0.26258199076405464,0.07359882467585177
3246,3247,1.63732466,1.5082776274999998,1.2494901125,0.8676895670155359,0.4073139007517151,28,29,33,34,0.1575051917603128,0.14010019771567633,0.3717365401775436,0.33065807034646727
3247,3248,1.5060488275000001,1.2732891149999999,1.279598625,0.828600578549977,0.3262145521403951,23,24,28,29,0.2968612406957034,0.1361350293387653,0.38873644510438843,0.17826728486114285
3248,3249,1.7156755625000002,1.3514139975,1.2757923925,0.8910195087554874,0.3531770492160167,23,24,28,29,0.024202958978713194,0.03131835199705254,0.41171900599933714,0.5327596830248971
3249,3250,1.9262135900000001,1.427766265,1.2636390925,0.9537097874746038,0.3795277805490952,28,29,33,34,0.1271334898385742,0.5594775824740928,0.05802736026301068,0.25536156742432226
3250,3251,1.79611853,1.19142178,1.2863788625,0.9149723884962639,0.29796045805549926,23,24,28,29,0.28179973009769993,0.5467538571253101,0.05831071591724427,0.11313569685974564
3251,3252,2.00406444,1.2693873375,1.276118695,0.976890832452429,0.32486796881038527,23,24,28,29,0.041767364915037186,0.41008107173956865,0.05066930527524671,0.49748225807014745
3313,3314,2.02810678,0.41890403625,0.9791565689999999,0.9840497339276493,0.03134876226542662,3,4,8,9,0.035799882735747225,0.5253174455482802,0.028001181553655684,0.410881490162317
3419,3420,-1.2676213674999999,2.1787778125,0.98967521,0.00270627496885552,0.6387172475313566,40,41,45,46,0.057331127635752065,0.0006274069252560149,0.9318437724888258,0.010197692950166065
3420,3421,-1.2620062525,2.3972013600000004,0.990374505,0.004378244297008762,0.7140996874437067,45,46,50,51,0.0025587654143400637,4.5610373766175364e-05,0.9799282573976249,0.017467366814268873
3421,3422,-1.1318696149999998,2.1862471699999997,1.0734429374999999,0.04312802348568101,0.641295075789217,40,41,45,46,0.018096282500226574,0.003772656450736184,0.8093916235570494,0.16873943749198786
3422,3423,-1.1323643625,2.404061795,1.0682782225,0.042980706352339894,0.7164673640750922,50,51,55,56,0.802785133081161,0.1666717698675496,0.025292041509479477,0.005251055541809959
3423,3424,-0.97444531475,2.2008613375,1.1388501525,0.09000303878349619,0.6463387243154263,45,46,50,51,0.6087934674670434,0.342464392116989,0.031194377398971792,0.01754776301699579
3424,3425,-0.9826228320000001,2.418471995,1.1292487375,0.0875680827723647,0.7214406192394646,50,51,55,56,0.5846453128742679,0.31518601777322797,0.06508235603627327,0.035086313316230855
3425,3426,-0.799754605,2.2224466224999997,1.178789585,0.14201933918256657,0.6537882482707289,45,46,50,51,0.3658231560523872,0.4811413681574082,0.06609948721734651,0.08693598857285809
3426,3427,-0.81427100325,2.4395720974999997,1.16572711,0.13769690364397866,0.7287226967766892,50,51,55,56,0.35841858662073284,0.4394636585056179,0.09079379880335253,0.11132395607029671
3427,3428,-0.6129030885,2.2498816275,1.186366945,0.19765666887339664,0.6632566304098275,45,46,50,51,0.1495778051265546,0.564829369135861,0.05979551937985884,0.22579730635772555
3428,3429,-0.63178508,2.4657574899999997,1.17103422,0.19203432442587404,0.7377598120479378,50,51,55,56,0.15566395392080332,0.515698677408067,0.07619874837570052,0.2524386202954292
3429,3430,-0.420413673,2.281647505,1.1646050525,0.25497275210769393,0.6742196853520004,46,47,51,52,0.5497670530016788,0.011157352070314892,0.43034193856754543,0.008733656360460845
3430,3431,-0.4427163155,2.4956372975,1.14827788,0.24833186689042452,0.7480719456033246,50,51,55,56,0.0035163762962157397,0.5234763852572409,0.003156156142086164,0.4698510823044572
3431,3432,-0.22778943000000001,2.3162751175,1.1225479575000001,0.31232898188299557,0.6861703836556683,46,47,51,52,0.2954802325460675,0.09813439627457554,0.45520383992195024,0.15118153125740674
3432,3433,-0.25305341550000005,2.5280331350000003,1.1076224749999999,0.304806320483735,0.7592524126441046,51,52,56,57,0.28925066080181716,0.08121556218071882,0.4915240572632428,0.13800971975422124
3433,3434,-0.0359834982,2.3530168524999997,1.0717898025,0.3694415494666441,0.6988507089347592,46,47,51,52,0.11284954142530605,0.1032405334880649,0.40938426070811756,0.3745256643785115
3434,3435,-0.06366405115000001,2.5621166225,1.0611626225,0.3611993254839256,0.771015322265706,51,52,56,57,0.11425265831559907,0.09153282996451649,0.4409500397486986,0.3532644719711858
3435,3436,0.1576973118,2.391798735,1.03094539,0.427112385018878,0.7122351309016448,46,47,51,52,0.008369879402345569,0.020338287974627115,0.28318058052214246,0.6881112521008849
3436,3437,0.12763831535,2.5974616999999998,1.0219255999999999,0.4181619503261837,0.783213632435726,51,52,56,57,0.011460320884754882,0.023548825015081844,0.3158918778105103,0.649098976289653
3437,3438,0.35303111775,2.431232035,1.0022686570000001,0.48527542037965754,0.7258443703898719,51,52,56,57,0.04936732276321956,0.7888114917785737,0.009530995718150278,0.1522901897400565
3438,3439,0.32020009675,2.63275981,0.99219943625,0.47549958139435516,0.7953957331595252,56,57,61,62,0.08471850157603197,0.7797412341906157,0.013283172846547368,0.12225709138680493
3439,3440,0.5481844395,2.4697502274999996,0.97758694,0.5433847143572923,0.7391377875369566,52,53,57,58,0.5389113226081718,0.11315965187443683,0.2875498199626591,0.06037920555473237
3440,3441,0.5125094875,2.6668245825,0.9658929704999999,0.5327620600523778,0.8071521838513129,57,58,62,63,0.6081527694171825,0.09171665666443682,0.26079899037330617,0.039331583545074406
3441,3442,0.7428866175,2.5071699025,0.95766788725,0.6013596747526964,0.7520520837953634,52,53,57,58,0.2801993959390656,0.19107143092584747,0.31436190505014894,0.21436726808493797
3442,3443,0.70429284875,2.6991583725,0.942961827,0.5898679069780666,0.818311237029009,57,58,62,63,0.34821856183873484,0.19542411975514004,0.2923098102489989,0.16404750815712624
3443,3444,0.9374297109999999,2.5437173824999997,0.943845466,0.6592872657879743,0.7646653676952954,52,53,57,58,0.10692667471961399,0.18775817754625115,0.255924262128489,0.44939088560564583
3444,3445,0.8959224960000001,2.7294732925,0.92614890675,0.6469279836758424,0.8287735368199585,57,58,62,63,0.16374865065591568,0.23342183386466533,0.24853941464071486,0.35429010083870416
3445,3446,0.593021475,2.280154885,0.9974357329999999,0.5567354913442855,0.673704551618711,47,48,52,53,0.4392023139568961,0.12893396338114885,0.3338557206659621,0.098008001995993
3446,3447,0.791251257,2.3242281675000003,0.9854776725,0.6157608390763462,0.6889151441020892,47,48,52,53,0.19072054700185195,0.16446743556889895,0.34623609669276345,0.29857592073648564
3447,3448,0.647109434,2.0984233925,1.0242281850000001,0.5728408442124656,0.6109852913999247,42,43,47,48,0.316197856662602,0.13000806373845203,0.39243876648753556,0.16135531311141044
3448,3449,0.848963499,2.1504513025,1.02203727,0.6329453666386416,0.6289411887572834,42,43,47,48,0.0912199066818223,0.10360345071621017,0.3769986267636111,0.4281780158383564
3449,3450,0.7088746875,1.9245890675000001,1.056637645,0.5912322056356265,0.5509915054322447,37,38,42,43,0.1817058819248919,0.10441304202368185,0.4533652955326021,0.2605157805188242
3450,3451,0.91353386725,1.9845766125000002,1.066304865,0.6521719853671203,0.5716944358543957,42,43,47,48,0.38985555515088466,0.6064223428875759,0.0014565033806342013,0.0022655985809052356
3451,3452,0.7767887265,1.7576779425,1.0966479800000002,0.6114544433206971,0.4933870575829796,32,33,37,38,0.051306852153438574,0.04127434168484643,0.5028753745637731,0.4045434315979419
3452,3453,0.9839049145000001,1.8247624324999998,1.11625326,0.6731258273796213,0.5165392890816262,37,38,42,43,0.23629581730427524,0.5321541355529583,0.07120087317723939,0.16034917396552711
3453,3454,0.849535167,1.59602502,1.1408172849999998,0.6331155877938426,0.4375973231130182,32,33,37,38,0.4084584116494357,0.46517906476831,0.059079237175194,0.0672832864070603
3454,3455,1.0588941125,1.668520895,1.1642265925,0.6954547803928388,0.46261713440914565,32,33,37,38,0.11418717033909595,0.40917294793286546,0.1039937080895488,0.3726461736384898
3455,3456,0.92541876525,1.437165915,1.187735705,0.6557108594461428,0.3827717922842408,27,28,32,33,0.24183086721909844,0.39936404080153054,0.13532569499633026,0.22347939698304078
3456,3457,1.1359176645000002,1.5133717350000002,1.2105941175,0.71838948724914,0.409071981585586,27,28,32,33,0.034517700984518986,0.23847455681727728,0.09192435001892109,0.6350833921792827
3457,3458,1.00441238425,1.27675405,1.2316139625,0.6792321779031691,0.3274103721764089,22,23,27,28,0.11782977956972918,0.2984250099605461,0.16524150881759425,0.41850370165213047
3458,3459,1.2149943725,1.3554202025,1.2494192425000001,0.7419355464745223,0.3545596726151219,22,23,27,28,0.0011665904080126225,0.03499799298028091,0.03109122369389813,0.9327441929178083
3459,3460,1.08810101575,1.1122512955000001,1.2625507699999998,0.7041514938892394,0.2706371023140453,17,18,22,23,0.03871091477450292,0.17236965282886266,0.14468310966853962,0.6442363227280948
3460,3461,1.297157465,1.1934825775,1.2762084,0.7664006145214314,0.2986716814812394,23,24,28,29,0.7648945193547475,0.053701939907901224,0.16950302255952704,0.01190051817782429
3461,3462,1.1778098049999999,0.9448582672500001,1.270771295,0.7308633856477813,0.21286633978304156,12,13,17,18,0.001521073258825112,0.01835016977859283,0.07502538415004967,0.9051033728125324
3462,3463,1.38349226,1.0287690010000001,1.2843933675,0.7921078581295143,0.24182565262869785,18,19,23,24,0.5109497084121207,0.10349115478610965,0.32061885906982196,0.06494027773194772
3463,3464,1.58932081,1.11114684,1.2888751925,0.8533958321885073,0.27025593209994725,18,19,23,24,0.1269105077724886,0.08950644282824968,0.459506163473482,0.3240768859257797
3464,3465,1.47451684,0.86373919225,1.2736839625000003,0.819211542714431,0.18487048554972949,13,14,18,19,0.2978042941373264,0.11400890816646064,0.4253495350049497,0.16283726269126325
3465,3466,1.6762506675000002,0.9490578482500001,1.2796512225,0.8792802629509646,0.21431570120040222,18,19,23,24,0.48267622749860334,0.5169039556957656,0.0002027206975381995,0.00021709610809287965
3466,3467,1.8792044825,1.03230650875,1.2788064175,0.9397122494217126,0.24304651900714472,18,19,23,24,0.14405124591046956,0.4532974879895043,0.09709975640268,0.3055515096973461
3467,3468,1.7654759274999998,0.7934304625,1.2450259899999998,0.9058481779476298,0.16060550287567502,13,14,18,19,0.28302902389505114,0.4684939358454986,0.09357826431442952,0.15489877594502077
3468,3469,1.96362704,0.88059811275,1.2458486249999998,0.9648501008716394,0.19068884431243724,13,14,18,19,0.0464479455611209,0.2839082340647578,0.09415165095232166,0.5754921694217996
3470,3471,2.04733172,0.741405353,1.18529299,0.9897741954953263,0.14265057202822518,8,9,13,14,0.0001182917631213141,0.0027736998417262296,0.04078492625557347,0.956323082139579
3476,3477,1.8557735650000002,0.6490659865,1.1829962725,0.9327354064914272,0.11078236538841357,8,9,13,14,0.12081982462547233,0.3282270599367376,0.148238549408819,0.40271456602897104
3477,3478,1.9445101900000001,0.522002317,1.0947921274999999,0.959157824426561,0.06693009057300506,3,4,8,9,0.01028875371534057,0.05268997826258857,0.15307994857841564,0.7839413194436552
3478,3479,1.6668987275,0.55461218225,1.17578712,0.8764956081685195,0.07818442297394708,8,9,13,14,0.4472924364866605,0.45812564187808047,0.04672513083926167,0.047856790795997355
3479,3480,1.7638994450000003,0.42239870150000003,1.0867180525000002,0.9053787609568169,0.03255484281963932,3,4,8,9,0.20598370056351306,0.33824849996153644,0.1725012556092193,0.2832665438657312
3480,3481,1.477861435,0.46090318999999996,1.1607607275,0.8202074368777909,0.04584353043564378,3,4,8,9,0.25760000547149414,0.10059056842949292,0.46157024701734245,0.1802391790816705
3482,3483,1.2870686625,0.369194366,1.1360395525,0.7633965498962553,0.014192936927119851,3,4,8,9,0.7583603211475406,0.042938561872781444,0.18805347926743826,0.010647637712239644
3587,3588,-1.25912708,1.7317476275,1.0005365445,0.005235553205279071,0.48443797478138373,30,31,35,36,0.21330570764384624,0.004562645416781774,0.7657520795350374,0.01637956740433451
3588,3589,-1.2669994225,1.9569767100000002,0.99468532225,0.002891466717163068,0.5621691442106779,35,36,40,41,0.12813267481576016,0.0014993062347498527,0.8603014583155876,0.01006656063390242
3589,3590,-1.11422944,1.742534995,1.09473711,0.04838060184663284,0.48816091624849445,30,31,35,36,0.1336713806772882,0.032075791843789746,0.6728062119361804,0.16144661554274162
3590,3591,-1.1264348625,1.96595013,1.0837734625,0.04474628766835652,0.5652660552429385,35,36,40,41,0.07083324216667997,0.015441984432181134,0.7501816071598939,0.16354316624124493
3591,3592,-0.94660489375,1.7608670874999999,1.1642196775,0.09829286543795905,0.49448769684136484,30,31,35,36,0.04683032015389445,0.030341924066997965,0.5599982180942693,0.3628295376848382
3592,3593,-0.9630352119999999,1.9819857175,1.1516389825,0.09340053675621403,0.570800264924145,35,36,40,41,0.005509977835362107,0.003286313226607335,0.6208878751397818,0.3703158337982488
3593,3594,-0.76122900825,1.7865162774999999,1.2033493525,0.15349080790846112,0.5033397576475626,35,36,40,41,0.36798699887467856,0.5852563940594454,0.018049769491476936,0.028706837574399097
3594,3595,-0.7824447155,2.0049388424999997,1.1924971025,0.14717357098685235,0.5787218584790393,40,41,45,46,0.3693089269152138,0.5285850543782361,0.041996789137376804,0.06010922956917331
3595,3596,-0.56563580775,1.8191072025,1.2125510275,0.21173108117647674,0.5145875533803025,35,36,40,41,0.12181368110999502,0.6739605715657704,0.03126199418409803,0.17296375314013657
3596,3597,-0.5908501895,2.034459175,1.20192468,0.2042231899018817,0.5889099298492924,40,41,45,46,0.13829375421025394,0.6169672278996522,0.04481348618221921,0.19992553170787467
3597,3598,-0.36539015175,1.8577151275,1.188124985,0.27135668010507064,0.527911939051005,36,37,41,42,0.5571880886574222,0.05204476462850818,0.3573851909222953,0.03338195579177436
3598,3599,-0.39449783425,2.0691241025,1.1796380875,0.2626895108033513,0.6008735063237324,41,42,46,47,0.5579368101438841,0.029834101323862414,0.39130514664271077,0.020923941889542743
3599,3600,-0.1639636457,1.9014334675,1.141888945,0.33133389161234694,0.5430000336078326,36,37,41,42,0.26851612711701345,0.12948340237333103,0.4061483064335988,0.19585216407605674
3600,3601,-0.19807096564999999,2.1074725075,1.1351775825,0.3211780189682586,0.6141083263270424,41,42,46,47,0.28789153815691626,0.11459189326449092,0.42739638597004936,0.17012018260854347
3601,3602,0.037666389800000005,1.9482136374999999,1.0926382824999998,0.3913717065084721,0.5591448284089265,36,37,41,42,0.07472427434709966,0.09724812792792897,0.359788899619012,0.46823869810595936
3602,3603,-0.0023080407249999983,2.148266315,1.08286336,0.3794688297645062,0.6281871048189297,41,42,46,47,0.09901902372012256,0.10636150881486234,0.3831056572218527,0.4115138102431624
3603,3604,0.24013106725,1.996885865,1.0543927849999999,0.45165804627726497,0.5759426110056906,41,42,46,47,0.1811476353199178,0.7556558106004152,0.012220179571022349,0.05097637450864472
3604,3605,0.194980159675,2.1912785775000003,1.041805385,0.4382138100321154,0.6430315175688898,46,47,51,52,0.2465414187238653,0.7510173353116777,0.0006033411476730724,0.0018379048167838671
3605,3606,0.443977058,2.0473343425,1.0335199825,0.51235568901495,0.5933534138579486,42,43,47,48,0.6587996558754325,0.0342525501132867,0.29177758806476756,0.015170205946513258
3606,3607,0.39416974075,2.2358006825,1.01560444925,0.4975249497051408,0.6583970078896336,46,47,51,52,0.007746332117715533,0.7746955574274139,0.0021538690617213738,0.21540424139314912
3607,3608,0.29345282175,1.80885425,1.0658901325,0.46753525236250437,0.5110490494753817,36,37,41,42,0.1097715327902443,0.7355417745544129,0.020087457759738202,0.13459923489560455
3608,3609,0.5021658465000001,1.8660985225,1.0541962975,0.5296821141397067,0.5308052203710926,37,38,42,43,0.501202846006478,0.06752406879822581,0.3800686974346953,0.051204387760600885
3609,3610,0.35470493525,1.6275737575,1.07640877,0.4857738200599715,0.4484854385938102,31,32,36,37,0.04103990352538181,0.6801639561612752,0.01586481623473221,0.2629313240786108
3610,3611,0.5675347820000001,1.6918875875000001,1.0795309825,0.5491465160566806,0.4706814585788262,32,33,37,38,0.32976894656043965,0.08069063333599381,0.4736449892128378,0.11589543089072872
3611,3612,0.42393528675000003,1.452720315,1.0906080599999999,0.5063880059288753,0.3881399343036935,27,28,32,33,0.5515774287429385,0.014463491005352533,0.4228705475415602,0.011088532710148827
3612,3613,0.638850197,1.523770305,1.1116149425,0.5703815551439517,0.41266074107224043,27,28,32,33,0.16003976493090527,0.06270986005772833,0.5584340144932879,0.21881636051807857
3613,3614,0.5003943295,1.28305328,1.1166309125,0.5291546232355484,0.3295843654679017,22,23,27,28,0.3408252667128702,0.04499361673650611,0.5425562403449362,0.0716248762056875
3614,3615,0.714730054,1.359858425,1.1521926825,0.5929757127931996,0.35609139410189933,22,23,27,28,0.009245893133718888,0.005474589439690411,0.6188512556934826,0.366428261733108
3615,3616,0.58212123075,1.1161893164999999,1.15428543,0.5534898099904078,0.27199619401823094,17,18,22,23,0.15096170912260104,0.041091574622165776,0.6350790509157679,0.17286766533946524
3616,3617,0.794111654,1.1968278875,1.1980129475,0.6166125573493184,0.2998262164796383,22,23,27,28,0.4281379266861101,0.37429504259895324,0.10541184391661623,0.09215518679832041
3617,3618,0.670746833,0.9482965619999999,1.183739185,0.5798791695406773,0.2140529657231445,12,13,17,18,0.0022173412101447504,0.001041138665832188,0.678265980627146,0.31847553949687707
3618,3619,0.87935283875,1.03035104175,1.2321892975000002,0.6419941650986605,0.24237164729429472,17,18,22,23,0.26215043956516815,0.34464649831470573,0.16987290004018996,0.22333016207993617
3619,3620,0.76745401325,0.77707363675,1.1954583225,0.6086749180142508,0.15496042729491072,12,13,17,18,0.4695124586769914,0.3610415591942587,0.09578786926600553,0.07365811286274442
3620,3621,0.97229610425,0.860579729,1.2426207974999999,0.6696691618127806,0.1837800900711999,12,13,17,18,0.13723037230427163,0.28984836669893,0.18409298044460606,0.3888282805521923
3621,3622,0.87164548075,0.6046902239999999,1.1883398875,0.639699204768,0.0954673808617523,7,8,12,13,0.2927191923010202,0.37073747563444764,0.14848398862697973,0.1880593434375524
3622,3623,1.07205551775,0.6905159205,1.2316142325000001,0.699373750154526,0.1250875865739905,7,8,12,13,0.05037793577790871,0.19839585218622424,0.15212706360398742,0.5990991484318796
3623,3624,1.273325025,0.7771380692500001,1.2587161675,0.7593042133444202,0.15498266427034332,13,14,18,19,0.7993436793733948,0.03089902084179872,0.1634394672489243,0.0063178325358821605
3624,3625,1.1776304225,0.525052607,1.19630137,0.7308099723093177,0.06798280812691367,2,3,7,8,0.003702960417763569,0.04453772580544508,0.07305715034496581,0.8787021634318255
3625,3626,1.3737181125,0.614326261,1.22287026,0.7891974858880115,0.09879297459218872,8,9,13,14,0.5201748973403376,0.0967234583690203,0.32303515910761627,0.060066485183025826
3626,3627,0.9822656802499999,0.43651015300000007,1.1572647974999999,0.6726377252859584,0.03742499375780588,2,3,7,8,0.14731327055345678,0.32873681683726097,0.16213582830270945,0.3618140843065728
3627,3628,0.6755098402499999,0.51974673575,1.126155615,0.5812974133400957,0.06615164328565135,2,3,7,8,0.049852959930427584,0.02402403407045363,0.6249573867091898,0.301165619289929
3628,3629,0.7920134365,0.35189606625000003,1.0990511475,0.6159877873661936,0.008222939386034269,2,3,7,8,0.4743382896525624,0.4105405589429578,0.06171056088266303,0.05341059052181673
3629,3630,0.48504652075,0.42941685025000004,1.0628074125,0.5245846250281453,0.034976949696384416,2,3,7,8,0.4601383349412161,0.05018436930940214,0.44152316494620275,0.04815413080317902
3735,3736,-1.216849685,1.2814048525000001,0.9953617775,0.01782416585421339,0.329015459375171,20,21,25,26,0.36570811418752,0.02807545456008544,0.5629952223956264,0.04322120885676812
3736,3737,-1.242427975,1.5057860625,1.0015275182499999,0.010207916436951273,0.40645401063890485,25,26,30,31,0.2970005768281779,0.012643274227154474,0.6621677574240171,0.028188391520650617
3737,3738,-1.06260456075,1.2919620274999999,1.09352592,0.06375254252382576,0.33265895669581425,20,21,25,26,0.25536359561224464,0.08741101064635637,0.48962623429245233,0.16759915944894666
3738,3739,-1.09309169625,1.51725027,1.0993439275,0.05467462418034525,0.4104105434528015,25,26,30,31,0.19864777581675125,0.05560461584402827,0.5826537274618677,0.16309388087735274
3739,3740,-0.89106129125,1.312775315,1.167508365,0.11483165400331123,0.33984204850210054,20,21,25,26,0.13095721454907233,0.11125410642152016,0.4097161694376827,0.34807250959172475
3740,3741,-0.9229599995,1.5374045375,1.17116976,0.10533342256874405,0.4173661939592845,25,26,30,31,0.09077728467657546,0.0660959998934419,0.4878890250484483,0.3552376903815343
3741,3742,-0.70208810275,1.345042945,1.2082250724999999,0.17110073754217497,0.35097826850873204,20,21,25,26,0.027237363808948326,0.059066877068803356,0.2883596860223518,0.6253360730998966
3742,3743,-0.734779924,1.5665484950000002,1.2094522125,0.1613663469889148,0.42742437060826427,25,26,30,31,0.005693404499479621,0.010365406984820707,0.34884120754486114,0.6350999809708385
3743,3744,-0.49907664225,1.3886339075,1.2137745625,0.23154988866723653,0.36602240248141077,25,26,30,31,0.06462604372653834,0.8110603215337112,0.009174401604515554,0.11513923313523487
3744,3745,-0.5356019212500001,1.6039438525,1.2165928175,0.22067403907373023,0.4403302743993589,30,31,35,36,0.09799283432095578,0.7373833240880192,0.0193110093841233,0.14531283220690175
3745,3746,-0.2874884755,1.4424825625,1.1907539375,0.2945528592219233,0.38460667623009326,26,27,31,32,0.5058162291584408,0.10969030362025312,0.3159723339538659,0.06852113326744014
3746,3747,-0.33042880874999997,1.64882493,1.1920942975,0.28176684858194884,0.45581965348219455,31,32,36,37,0.5399305100740435,0.07859434117523274,0.33300209559816113,0.048473053152562603
3747,3748,-0.07332309803000002,1.5025884825,1.14743537,0.3583232258630711,0.40535046028925703,26,27,31,32,0.18423282519902417,0.14086073075137695,0.3824742713486915,0.2924321727009074
3748,3749,-0.122861302455,1.699575485,1.1464591350000002,0.3435726181960176,0.4733347094667418,31,32,36,37,0.23358616865696563,0.1397278988086494,0.392123358558964,0.23456257397542096
3749,3750,0.14055360022,1.5644451675,1.0999467375,0.4220076347274831,0.4266984692084403,26,27,31,32,0.008180285723610604,0.018041145358225007,0.303789175366457,0.6699893935517074
3750,3751,0.08507372529500001,1.7532741425,1.0985580975,0.4054878218288372,0.49186721600598116,31,32,36,37,0.04304423927273624,0.07081473664352757,0.33500447341191497,0.5511365506718212
3751,3752,-0.015606757149999997,1.3105703000000002,1.1375448700000002,0.3755089739171356,0.339081052663301,21,22,26,27,0.12591782406380903,0.1269474386499767,0.3720462802676485,0.37508845701856575
3752,3753,0.20472686762499998,1.3822501,1.0973106325,0.44111601181121834,0.36381921976238285,26,27,31,32,0.21352062472772482,0.6930102985989153,0.022015328027401807,0.0714537486459581
3753,3754,0.053548787400000006,1.1247848115,1.12066841,0.3961008850996025,0.27496267539247204,16,17,21,22,0.06255663658666347,0.08796590791872802,0.35303982301492653,0.496437632479682
3754,3755,0.279099949,1.205944865,1.1003541049999999,0.4632615085462358,0.3029726721454405,21,22,26,27,0.11144732920027935,0.6469352607635541,0.035506636614777355,0.2061107734213892
3755,3756,0.13743846912500002,0.94547767975,1.1026310925,0.42108006625488426,0.21308011172336863,11,12,16,17,0.005328180163222658,0.011550255709616668,0.3103515548172403,0.6727700093099204
3756,3757,0.363927562,1.0340918155,1.1134535375,0.4885199702369502,0.2436626649325605,16,17,21,22,0.02703421605688657,0.5616884748872666,0.0188859029953126,0.3923914060605342
3757,3758,0.23781171445,0.77134516825,1.086155355,0.4509674305476199,0.15298341548719327,11,12,16,17,0.16832531651202615,0.6899068666672679,0.027804961297494258,0.11396285552321168
3758,3759,0.45930215725,0.8643508999999999,1.1248185925,0.5169189251903274,0.18508159842302577,12,13,17,18,0.3811878959919324,0.027669726085707017,0.5511364032467578,0.04000597467560278
3759,3760,0.35649309674999996,0.5989252552500001,1.0775325599999999,0.48630626706805313,0.09347777207017528,6,7,11,12,0.037866523290641524,0.6534446677269045,0.016908408437145944,0.29178040054530807
3760,3761,0.56390666225,0.69236965475,1.1319579175,0.5480661989232173,0.12572734823116297,7,8,12,13,0.19370873426737079,0.04610839049634763,0.6140264700397601,0.1461564051965215
3761,3762,0.0003626589999999978,0.6589880435,1.0940105025,0.3802640633483077,0.11420667047900554,6,7,11,12,0.19210750415974379,0.2089991091341787,0.28683624244702544,0.31205714425905207
3762,3763,0.1396304573,0.4836738930000001,1.0607675025,0.42173275760604534,0.0537021664220384,1,2,6,7,0.077694222895505,0.17047544719595742,0.23537474668031366,0.5164555832282239
3763,3764,-0.097355567075,0.3358740285,1.05935067,0.351167263585712,0.0026934060010736557,1,2,6,7,0.5728823944739424,0.3894099215110263,0.022448551183209587,0.015259132831821589
3872,3873,-1.1430430975,0.8431280255,0.9595783497499999,0.03980098209317919,0.17775714975403056,10,11,15,16,0.42998302984592757,0.08141687359764477,0.41081304178135564,0.077787054775072
3873,3874,-1.1832157950000002,1.0600449435,0.9820374847500001,0.027839068926809526,0.2526196209677037,15,16,20,21,0.41173112588472227,0.05159418056742601,0.47691259840803957,0.059762095139812094
3874,3875,-0.98233178175,0.84667330975,1.0545500825,0.0876547465523499,0.17898069996190283,10,11,15,16,0.3209696839088369,0.17330051662452342,0.3284113298817635,0.17731846958487615
3875,3876,-1.02486353975,1.06825421725,1.0784322924999998,0.07499039420187482,0.2554528094781294,15,16,20,21,0.29657874550970714,0.12708192179648178,0.4034596776827936,0.1728796550110175
3876,3877,-0.8097339422500001,0.861959815,1.1269563749999998,0.13904786917753592,0.18425638601620953,10,11,15,16,0.1865818056854535,0.23382879008761334,0.2572267176044028,0.32236268662253037
3877,3878,-0.8523964585,1.08773294125,1.1524361075,0.12634458195512988,0.2621753160865309,15,16,20,21,0.16300038326126925,0.16654519152729813,0.33162128891821124,0.33883313629322137
3878,3879,-0.62023831175,0.89669798375,1.1721007825,0.19547251622662862,0.19624523954612458,10,11,15,16,0.05508729484310603,0.1974793515111497,0.1630226402503795,0.5844107133953648
3879,3880,-0.6633111092499999,1.12192508775,1.196341515,0.18264706273230893,0.2739757261545457,15,16,20,21,0.04427508207585262,0.12006475176050779,0.22513666699491164,0.610523499168728
3880,3881,-0.40358352675,0.958041414,1.1832501275,0.2599841344780165,0.2174161137387894,16,17,21,22,0.9179881121750091,0.03818629548193893,0.0420753499129249,0.0017502424301270422
3881,3882,-0.45528445424999997,1.1732052575,1.2040168949999999,0.2445895495020942,0.29167356303669084,20,21,25,26,0.01983622899407797,0.8967338884922503,0.0018055729975452728,0.0816243095161264
3882,3883,-0.17375725085000002,1.0390302817500001,1.1608271275000002,0.3284177256170211,0.24536703078326988,16,17,21,22,0.38768093090571915,0.17718063812850243,0.2986481666261965,0.13649026433958195
3883,3884,-0.236221779275,1.2385461025,1.1814909574999999,0.30981814651237977,0.31422402693314716,21,22,26,27,0.45709343001297426,0.1437701929229654,0.3036339839375067,0.09550239312655368
3884,3885,-0.34479467925,0.743107736,1.1508144725,0.27748923452627555,0.14323809926910247,11,12,16,17,0.8852961153360114,0.10937049489655402,0.004746946558886392,0.0005864432085481898
3885,3886,-0.09733433962500002,0.84520938975,1.1297318625000001,0.3511735843191814,0.17847547118643628,11,12,16,17,0.2984525670069616,0.20289083638293043,0.29685309571631285,0.20180350089379512
3886,3887,-0.575762145,0.6695600747499999,1.1354476825000002,0.2087158401193415,0.11785529499580406,5,6,10,11,0.057802095927486995,0.2922237741312561,0.10733454359514703,0.5426395863461099
3887,3888,-0.7666785567499999,0.63806024175,1.0892443675,0.15186813803539823,0.10698405745960596,5,6,10,11,0.19713638921062587,0.30508680635489066,0.19539105864778122,0.30238574578670224
3888,3889,-0.93956837075,0.631144285,1.01964540825,0.10038807642345891,0.1045972191351195,5,6,10,11,0.3205518839008444,0.21508704820748262,0.2778958104053199,0.18646525748635304
3889,3890,-0.9033968895,0.43164591475,0.9725521345,0.11115857839961991,0.03574624551020688,0,1,5,6,0.27743435196477406,0.22211821089232966,0.27793133443674634,0.22251610270615
3890,3891,-0.73314313575,0.42915411275000004,1.0396360602499999,0.16185372075609175,0.034886273603842374,0,1,5,6,0.1803797849432672,0.3312123846029396,0.1722053320323658,0.3162024984214274
4005,4006,-1.1991187625,0.45080139475000003,0.762482062,0.02310376539578337,0.04235719399364463,0,1,5,6,0.36938642018560125,0.03761286390337387,0.5381985182312653,0.05480219767975961
4006,4007,-1.2418823825,0.6434600205000001,0.80737644425,0.010370373292362144,0.1088476317024969,5,6,10,11,0.45638244189983523,0.019750714265208243,0.5021360649307162,0.02173077890424033
4007,4008,-1.0626645692499999,0.43905699225000006,0.8814275862500001,0.0637346742572937,0.038303960146397927,0,1,5,6,0.345518124592176,0.11822643335825303,0.39954317837864917,0.1367122636709218
4008,4009,-1.1009920825000001,0.6344977764999999,0.926217527,0.05232218732187232,0.1057545777367388,5,6,10,11,0.41072381939395897,0.10871209229169786,0.3799874313185517,0.10057665699579142
6500,6501,-0.26650599195,0.52551224075,1.107388705,0.3008006509277175,0.0681414371480867,1,2,6,7,0.03666852050320168,0.00935135942358457,0.7601288757859282,0.1938512442872855
6501,6502,1.569256575,0.7042474150000001,1.2383263100000002,0.8474214602454823,0.12982660656931871,8,9,13,14,0.11133809114480994,0.07108941688472817,0.49897606787326104,0.31859642409720085
6503,6504,1.08844873325,2.7574692375000005,0.91622675975,0.7042550310376079,0.8384355108420222,57,58,62,63,0.04792295065042346,0.21397989756126684,0.13505692519914497,0.6030402265891647
