vertex_id_0based,vertex_id_1based,x,y,z,u,v,sensor_00,sensor_10,sensor_01,sensor_11,weight_00,weight_10,weight_01,weight_11
37,38,-0.371295214,0.328640372,1.07772243,0.26959837542870413,0.0001969229858537587,1,2,6,7,0.9190657012372399,0.07817737696080752,0.002540797047943634,0.0002161247540089879
288,289,-0.449673831,0.580046713,1.13242459,0.24626018135661962,0.08696240047639879,5,6,10,11,0.011706027178857215,0.7708203661515598,0.003253247394664316,0.21422035927491873
289,290,-0.657384872,0.531207442,1.09555376,0.18441167252451432,0.07010696774646169,0,1,5,6,0.0048541794053211865,0.01364827214421515,0.25749913049662154,0.7239984179538421
3306,3307,1.9108237,2.46267486,0.844798744,0.9491272590591299,0.7366959332976534,53,54,58,59,0.13964708485501834,0.5466098489778347,0.06384387890846217,0.2498991872586848
3307,3308,1.98566198,2.33643126,0.877153695,0.9714112743877111,0.6931266812630542,48,49,53,54,0.03387494820114655,0.2623515141160947,0.08047995424800891,0.6232935834347498
3308,3309,2.07036209,2.21790981,0.92489326,0.996631770497089,0.6522225013556678,48,49,53,54,0.011706416110840244,0.8571785649098107,0.0017665019008039414,0.12934851707854514
3309,3310,1.78757036,2.29369855,0.943152666,0.9124270660849082,0.678378747806535,48,49,53,54,0.17609079054406518,0.32660674016444613,0.17420094511630202,0.32310152417518667
3310,3311,1.86970019,2.16646004,0.99507463,0.9368822298146703,0.6344661319535583,43,44,48,49,0.02965882627876254,0.08781532637142114,0.22281225446255631,0.6597135928872601
3311,3312,1.95819998,2.03681636,1.05177534,0.9632341272251428,0.5897234426717815,43,44,48,49,0.10939638422005458,0.6344754183750047,0.03766710687937426,0.2184610905255665
3313,3314,2.04673481,1.90809953,1.11259222,0.9895964582251783,0.5453006283084025,38,39,43,44,0.015222096273487222,0.35056910740887776,0.02639207082579967,0.6078167254918354
3596,3597,-1.27223444,3.15326285,0.989339232,0.0013326760793318535,0.9750319930137675,65,66,70,71,0.34768873893034286,0.0018633588769119878,0.6469805567523298,0.003467345440415426
3597,3598,-1.16873062,3.15936923,1.05709255,0.032152207359937394,0.977139429820378,65,66,70,71,0.2788869861189368,0.04116099639576987,0.5925041844413136,0.08744783304397971
3598,3599,-1.0509578,3.17257857,1.10908437,0.06722050831728495,0.9816982436031816,65,66,70,71,0.18733040094223585,0.06889418861322241,0.5437875657886244,0.19998784465591737
3599,3600,-1.17630136,2.94206381,1.04703593,0.029897926713606353,0.9021428786093512,60,61,65,66,0.3257508038739514,0.044248895595132134,0.5546574892716232,0.07534281125929328
3600,3601,-1.05622399,2.95524287,1.10531437,0.06565243568542836,0.9066912421439708,60,61,65,66,0.22587930818043342,0.08044330180397598,0.5115109490778531,0.18216644093773746
3601,3602,-0.918649197,2.97357154,1.13887048,0.10661701686017465,0.9130168415619927,60,61,65,66,0.12489473286756946,0.09286948526453209,0.4486371996917319,0.3335985821761665
3602,3603,-0.919712365,3.19240379,1.14075828,0.10630044555456933,0.9885403330779856,65,66,70,71,0.09221794572404392,0.06821739118415664,0.4825802720576788,0.35698439103412066
3603,3604,-0.757434189,2.99723721,1.15027666,0.15462076186165452,0.9211843489904695,60,61,65,66,0.0394561452599554,0.06396296887347146,0.3420608072934265,0.5545200785731467
3604,3605,-0.763357818,3.21714187,1.15047312,0.15285692870786172,0.9970779511621662,65,66,70,71,0.015895980720076232,0.025012703009595703,0.3726763044484769,0.5864150118218512
3605,3606,-0.574048102,3.02518964,1.14174008,0.20922621743541353,0.9308313050947747,65,66,70,71,0.15793508227514497,0.8104266463980087,0.005160047983200899,0.02647822334364548
3607,3608,-0.387175709,3.05543423,1.10691249,0.2648697633600481,0.9412693325622513,66,67,71,72,0.77332392102897,0.048905423099512284,0.1671970255308377,0.010573630340680045
3609,3610,-0.20063363,3.08630705,1.06469393,0.3204149542417923,0.9519241750699017,66,67,71,72,0.48348715631637623,0.18957439270500023,0.2348530267164546,0.0920854242621689
3611,3612,-0.0137825506,3.11680913,1.02191556,0.37605215378073886,0.962451067610193,66,67,71,72,0.26063012066275715,0.2650549327945412,0.23516126421428743,0.23915368232841425
3613,3614,0.174043909,3.14596748,0.988620996,0.43197978473163123,0.9725142114057045,66,67,71,72,0.1046969983922721,0.28010404192786575,0.16738386268120298,0.4478150969986592
3615,3616,0.362754345,3.17284679,0.965254545,0.4881706304924805,0.981790811818764,66,67,71,72,0.012062580063956675,0.24286605447334741,0.03525489796612134,0.7098164674965746
3617,3618,0.550587356,3.19693828,0.945416808,0.544100212203038,0.9901052784507282,67,68,72,73,0.11408997976908546,0.024436121920720165,0.7095091714187628,0.15196472689143162
3619,3620,0.73801887,3.21757627,0.927930117,0.5999102432598071,0.997227871499386,67,68,72,73,0.023299813169344236,0.015509985839252477,0.5770592137914272,0.38413098719997607
3684,3685,1.98609924,2.75876045,0.781077325,0.9715414739131756,0.8388811347219076,58,59,63,64,0.029103295418788453,0.22656081847450402,0.08473080892850923,0.6596050771781983
3685,3686,2.03740478,2.6239295,0.767878771,0.9868183274138325,0.7923482123193903,58,59,63,64,0.047829700430397436,0.8592953270981373,0.004896989914272713,0.08797798255719254
3686,3687,1.79159021,2.74399662,0.830992162,0.9136240257026145,0.8337858346016166,58,59,63,64,0.11297919240639652,0.21401912317097183,0.23252470478314557,0.44047697963948607
3687,3688,1.84796214,2.59792185,0.832710743,0.9304094589357367,0.7833724396253477,53,54,58,59,0.009126338839431564,0.02365950640569972,0.2692358254176217,0.697978329337247
3688,3689,1.59526038,2.72674584,0.870850146,0.8551644119704742,0.8278322370995379,58,59,63,64,0.23773236981111245,0.17261631079535733,0.3416099823069907,0.24804133708653953
3689,3690,1.65022659,2.57133842,0.881164789,0.8715312748405725,0.7741979534603927,53,54,58,59,0.08285135729752184,0.07837729425698044,0.4310235433401883,0.40774780510530945
3690,3691,1.71322513,2.42586255,0.900393844,0.890289862438233,0.7239912511405715,53,54,58,59,0.3792119863734653,0.4849104976585332,0.059628563873602505,0.07624895209439896
3691,3692,1.45307827,2.54221797,0.915581405,0.8128279456768873,0.7641478897311347,53,54,58,59,0.22605109186867756,0.07587845189543653,0.5226371254237732,0.17543333081211276
3692,3693,1.51528978,2.39017725,0.947261214,0.8313521854436776,0.7116755232174903,48,49,53,54,0.02465136907690302,0.011891305878233055,0.6499398891483865,0.3135174358964774
3693,3694,1.58759582,2.24910998,0.992501259,0.8528821952689837,0.6629903190529794,48,49,53,54,0.4226020926091881,0.2955334406490994,0.1658691263148772,0.11599534042683529
3694,3695,1.31692028,2.35036922,0.975130916,0.7722852349642838,0.6979369567311823,48,49,53,54,0.2084797951687448,0.020402810594703977,0.70237926497412,0.06873812926243125
3695,3696,1.38542306,2.20181346,1.02937639,0.792682777499607,0.6466673212911962,48,49,53,54,0.7850336158315572,0.16162388609169612,0.04423527417001475,0.009107223906731987
3696,3697,1.46140838,2.05654645,1.08287573,0.8153083380499985,0.5965327008351681,43,44,48,49,0.47912133841292115,0.16942084989472647,0.25964530938708497,0.09181250230526741
3697,3698,1.66638851,2.1102879,1.04312932,0.8763436846530281,0.6150799759426175,43,44,48,49,0.19235003823996843,0.1965302985633851,0.302275223147919,0.30884444004872746
3698,3699,1.54352057,1.9126966,1.13258517,0.839758249253508,0.5468871713208855,38,39,43,44,0.22022318746544148,0.12335641404216144,0.4207438155205267,0.23567658297187036
3699,3700,1.75153089,1.97680295,1.1051321,0.901695872076789,0.5690115857083731,38,39,43,44,0.01330558171190941,0.020532218370867626,0.37991092998093445,0.5862512699362885
3700,3701,1.62595737,1.76924217,1.18398774,0.8643048170639813,0.49737810934744886,33,34,38,39,0.01992356417722508,0.016782904958490656,0.5228571675668496,0.44043636329743463
3701,3702,1.83699191,1.83827496,1.15500998,0.9271429384668262,0.5212027390804534,38,39,43,44,0.20492116724473547,0.49824048562891626,0.08650707888795989,0.21033126823838838
3702,3703,1.70475423,1.62251163,1.22805905,0.8877675481166468,0.44673839471294197,33,34,38,39,0.33475011094615403,0.4109123630726589,0.11417969658725867,0.1401578293939284
3703,3704,1.91720462,1.69569969,1.20314586,0.9510272562142015,0.47199709322964595,33,34,38,39,0.07679723399724044,0.315243460787716,0.11909374114595365,0.48886556406908993
3704,3705,1.78175795,1.46938241,1.26244199,0.910696349751823,0.39389036455504417,28,29,33,34,0.17344015422461445,0.3120947420047673,0.1837744467680935,0.33069065700252476
3705,3706,1.99351525,1.54434454,1.24306953,0.9737496818051383,0.419761330964592,28,29,33,34,0.012951000468405957,0.11039036602730597,0.09205027231104075,0.7846083611932473
3707,3708,2.06971502,1.38646472,1.26699364,0.9964390974720185,0.36527377144666673,28,29,33,34,0.012622220087168646,0.8735449796594972,0.0016213900247572294,0.11221141022857697
3936,3937,-1.18988037,2.72500777,1.04272437,0.025854610018100296,0.8272323935440327,55,56,60,61,0.3754403815622836,0.04330610882125868,0.5211411783653153,0.0601123312511425
3938,3939,-1.19983709,2.50708723,1.03405523,0.02288987457652695,0.7520235518223459,50,51,55,56,0.428484380789208,0.043185893697948174,0.47995612090468426,0.04837360460815962
3939,3940,-1.06410074,2.51795554,1.10195231,0.06330703681015484,0.755774428204041,50,51,55,56,0.3130154000998826,0.10614260504354389,0.433756452659498,0.14708554219707548
3940,3941,-1.06267178,2.73590398,1.10351217,0.063732527168083,0.8309928987871651,55,56,60,61,0.272769652824179,0.09332976415550932,0.472300238503489,0.16160034451682267
3941,3942,-0.908603728,2.53606606,1.15046191,0.10960817840449112,0.7620247395889955,50,51,55,56,0.186245837864818,0.1454078078892449,0.37532144851721755,0.2930249057287196
3942,3943,-0.915661931,2.75378537,1.14220726,0.10750651193321145,0.8371641327161641,55,56,60,61,0.15942293531833987,0.1202792066553626,0.4105510169488143,0.30974684107748324
3943,3944,-0.733373046,2.56004286,1.16956306,0.16178526216063502,0.7702996243529214,50,51,55,56,0.07614881740901869,0.1396564416500804,0.27671013394844124,0.5074846069924597
3944,3945,-0.746864259,2.77736545,1.15767908,0.15776808809820125,0.8453021012826182,55,56,60,61,0.061157350875726886,0.10461323116761838,0.3077702967314681,0.5264591212251867
3945,3946,-0.547383428,2.58787203,1.15928388,0.2171659510068909,0.7799040409066614,50,51,55,56,0.010683336309827601,0.07066009099691212,0.1206528596626088,0.7980037130306515
3946,3947,-0.562514544,2.80570889,1.14960933,0.2126604757222833,0.8550840029464454,55,56,60,61,0.004305091630067012,0.024518867119697942,0.14505300548079977,0.8261230357694352
3947,3948,-0.358047932,2.61862993,1.1236881,0.27354291604548525,0.7905192221685629,56,57,61,62,0.8448940695288069,0.08783682011131239,0.060934266289252186,0.0063348440706286245
3948,3949,-0.374451816,2.83597994,1.11413014,0.2686584584857408,0.8655311623018659,61,62,66,67,0.8166946130711196,0.06586911470275826,0.10867155298591714,0.008764719240205037
3949,3950,-0.170531496,2.65094185,1.07823479,0.32937823366883157,0.8016707275613258,56,57,61,62,0.53002615295573,0.24658366118570751,0.15246091236894377,0.07092927348961875
3950,3951,-0.188311636,2.8668344,1.06916034,0.32408397901326863,0.8761796683974735,61,62,66,67,0.5161267990084237,0.21735784342694758,0.1875372849385017,0.07897807262612692
3951,3952,0.0188338179,2.6844635,1.03423107,0.385764077352695,0.81323973555433,56,57,61,62,0.28085756169868326,0.33378614054069544,0.17608612889053663,0.20927016887008468
3952,3953,-0.00020820176,2.8985002,1.02655137,0.38009408255871274,0.8871081845446461,61,62,66,67,0.27841454564690576,0.3020708707280478,0.20120912411824327,0.2183054595068032
3953,3954,0.209934592,2.71846652,1.00115061,0.44266667558648853,0.8249748741935761,56,57,61,62,0.10328065452092858,0.3470711067690069,0.1260526431331173,0.42359559557694726
3954,3955,0.188384667,2.92955923,0.992144883,0.43624992123256995,0.8978272919371808,61,62,66,67,0.1097567033959158,0.3206612094835525,0.14524361167380442,0.4243384754467273
3955,3956,0.401517212,2.75142956,0.973757684,0.4997127493440597,0.8363510944343373,56,57,61,62,0.00033445705866595575,0.29075022086061175,0.0008145455650953191,0.708100776515627
3956,3957,0.377859384,2.95937562,0.966015637,0.4926683410306545,0.9081175388144236,61,62,66,67,0.008397812880517167,0.27795664371755174,0.02092882299686488,0.6927167204050663
3957,3958,0.592115939,2.78252912,0.94833976,0.5564658568991246,0.8470841895599922,57,58,62,63,0.10901495423763401,0.031806391922475315,0.6651216181658675,0.19405703567402327
3958,3959,0.56692946,2.98694372,0.943948567,0.548966274010408,0.9176318547640245,62,63,67,68,0.12315650386147324,0.029997529442184152,0.6809784000968948,0.1658675665994478
3959,3960,0.782570601,2.81130481,0.927687109,0.613176067334316,0.8570152695520037,57,58,62,63,0.000977594012634707,0.0008086322593132035,0.5463181366501014,0.4518956370779506
3960,3961,0.755992651,3.01169634,0.924444377,0.6052621568970067,0.926174490900008,62,63,67,68,0.019427944962368607,0.014129182437519424,0.5595234274496046,0.4069194451505073
3961,3962,0.973055243,2.83805084,0.915234447,0.6698952046820384,0.8662458723072717,62,63,67,68,0.27958425194662967,0.5929735357515673,0.040834929325216554,0.08660728297658653
3962,3963,0.945172727,3.03297114,0.912754595,0.6615928437252738,0.9335168601225721,67,68,72,73,0.3291447788595822,0.6016191794244093,0.024483846239322496,0.044752195476686005
3963,3964,1.16482234,2.86142993,0.910780847,0.7269962087279028,0.8743144751081231,62,63,67,68,0.06989447542166714,0.6897028730646103,0.022120689666721555,0.21828196184700097
3964,3965,1.13365948,3.050704,0.905938864,0.7177170851306952,0.9396368333064347,67,68,72,73,0.10912714241016136,0.7359571912997535,0.020004517067057807,0.13491114922302744
3965,3966,1.35886645,2.88046122,0.904702365,0.7847752213089096,0.8808825630789473,63,64,68,69,0.5747742292123141,0.09286988768242428,0.28612488555204724,0.0462309975532143
3966,3967,1.32352269,3.06450963,0.901838183,0.7742511834821489,0.9444014389812286,68,69,73,74,0.7028733236046565,0.0755065306581419,0.20012194246674772,0.021498203270453854
3967,3968,1.550969,2.89476705,0.884401917,0.8419761105979144,0.8858197980186523,63,64,68,69,0.3783236205409219,0.22019920719794667,0.25377193706742035,0.1477052351937111
3968,3969,1.51335263,3.07343793,0.893275678,0.8307753752832387,0.9474827781773583,68,69,73,74,0.497683600629793,0.23755750488719085,0.179214898237252,0.08554399624576416
3969,3970,1.74376118,2.90574884,0.847734451,0.8993823456737419,0.8896098386726027,63,64,68,69,0.21953253192872357,0.32592972665483866,0.18293808537630896,0.2715996560401288
3970,3971,1.70396936,3.07893395,0.871934295,0.8875338434522566,0.9493795672468018,68,69,73,74,0.3188127888139994,0.38987326973077513,0.13105183737697418,0.1602621040782513
3971,3972,1.93566275,2.91369414,0.802356601,0.9565233907038898,0.8923519244352908,63,64,68,69,0.08818326889263975,0.4188897890132893,0.08572316829180102,0.4072037738022699
3972,3973,1.89084125,3.08344388,0.828080058,0.9431772396024747,0.9509360364605155,68,69,73,74,0.15612519128399438,0.5307702982687877,0.07116585030610689,0.24193866014111098
3973,3974,2.06941962,3.09227633,0.777106524,0.9963511385006464,0.953984295858481,68,69,73,74,0.009402676147627588,0.6348171818336386,0.0051927698497868805,0.350587372168947
3974,3975,1.40079021,2.70628953,0.902439535,0.7972585348013063,0.8207723455399825,58,59,63,64,0.41293340549400226,0.09625375694624283,0.3980324553007727,0.09278038225898222
3975,3976,1.20549715,2.68023539,0.914996326,0.7391076320466526,0.8117805281947489,57,58,62,63,0.027669777974920245,0.6074028272985956,0.015899693838469193,0.349027700888015
3976,3977,1.2560941,2.51107597,0.942814052,0.7541734941880522,0.7534001476922393,53,54,58,59,0.4448456117439413,0.007552320564707995,0.5384604115038497,0.009141656187500966
3977,3978,1.0104202,2.65016079,0.923895419,0.6810210786938381,0.8014011677579446,57,58,62,63,0.21532008991104673,0.5650635614777296,0.06059559531360087,0.15902075329762283
3978,3979,1.05910981,2.4734323,0.953021288,0.695519006967746,0.7404085461715502,52,53,57,58,0.13822489409953773,0.49605545949875995,0.0796990780294781,0.2860205683722242
3979,3980,1.11701441,2.30675006,0.994687974,0.7127608114826997,0.6828830912237229,47,48,52,53,0.06548685920802037,0.3741498636598591,0.08346989486118102,0.4768933822709395
3980,3981,0.862544894,2.43289971,0.960686505,0.6369893934971359,0.7264199191890729,52,53,57,58,0.375249970100176,0.45487116125280413,0.07679245591128038,0.09308641273573946
3981,3982,0.917880535,2.25963759,1.00077558,0.6534662589764183,0.6666236128865834,47,48,52,53,0.25765605337378983,0.4096133662140423,0.12847891072053694,0.20425166969163092
3982,3983,0.981306076,2.09407616,1.04471648,0.6723519913565259,0.6094849724257709,42,43,47,48,0.145111824373973,0.32209856166523443,0.1654802101999234,0.3673094037608692
3983,3984,1.1822654,2.14944291,1.04575908,0.7321900936811295,0.6285931718520121,42,43,47,48,0.014226239290841922,0.18546935478098822,0.05701338598463997,0.7432910199435299
3984,3985,1.04991341,1.9357152,1.09890366,0.6927806661270992,0.5548313616393145,37,38,42,43,0.053182152144244085,0.17917878490535374,0.1756951833473591,0.5919438796030431
3985,3986,1.25547957,1.99837017,1.10251021,0.7539905103468967,0.5764548750621752,43,44,48,49,0.9147929286747278,0.014838820454820488,0.0692450299376855,0.001123220932766236
3986,3987,1.1250757,1.78090703,1.1484499,0.7151611594052887,0.5014038914487855,37,38,42,43,0.13661640515664042,0.843729114560363,0.002738957222204853,0.016915523060791693
3987,3988,1.33488238,1.84744108,1.14608383,0.7776336704405336,0.5243661548295242,38,39,43,44,0.5860454230024035,0.0728284093842573,0.30341989523546237,0.03770627237787691
3988,3989,1.20258641,1.62810969,1.19560528,0.7382409235282645,0.44867039987633095,32,33,37,38,0.03380096681459829,0.6848134349167686,0.013235339072343562,0.2681502591962895
3989,3990,1.41444349,1.69970226,1.19717562,0.8013239662998042,0.47337846211580037,33,34,38,39,0.2961874472386076,0.07651408314018675,0.49851668756217565,0.12878178205902996
3990,3991,1.28046036,1.4736954,1.23877931,0.7614288468142777,0.39537886574110603,28,29,33,34,0.44345212753069685,0.021243752093818447,0.5108324852121924,0.024471635163292326
3991,3992,1.49234915,1.54848993,1.23777819,0.824521331627057,0.4211919899579326,28,29,33,34,0.0725163074292246,0.030795833159719288,0.6293983660625475,0.26728949334850866
3992,3993,1.3603034,1.31502187,1.26959777,0.7852030907872889,0.3406173806457069,23,24,28,29,0.19877879139188961,0.03257787956821377,0.6604088454589548,0.1082344835809418
3993,3994,1.57043731,1.39272654,1.26968122,0.8477730385666167,0.36743485378094193,28,29,33,34,0.5211715607168315,0.3347404863499812,0.08773628501670183,0.05635166791648549
3994,3995,1.44281375,1.1527344,1.29012036,0.8097715590119274,0.2846086508369289,18,19,23,24,0.011778099145211097,0.0037007891377843867,0.7491356648070792,0.23538544690992536
3995,3996,1.65064085,1.23267365,1.28899515,0.871654625834075,0.31219732329800276,23,24,28,29,0.32303887607068454,0.30619859775727704,0.19034262059301527,0.18041990557902315
3996,3997,1.85986614,1.31087339,1.28205121,0.9339540208694348,0.33918565523007793,23,24,28,29,0.06641605503538657,0.18498477174352215,0.19776786148687422,0.5508313117342171
3997,3998,1.7340591,1.07088757,1.28963614,0.8964934324138553,0.25636163344750884,18,19,23,24,0.17013876799828961,0.2407983637365864,0.24388750234628934,0.3451753659188347
3998,3999,1.93990803,1.15125251,1.28483295,0.9577874748676909,0.28409722024640743,18,19,23,24,0.0038225833353904433,0.018816333214905376,0.16502751719384598,0.8123335662558582
4000,4001,2.02214551,0.995896935,1.26838863,0.9822746927046575,0.23048082937863223,18,19,23,24,0.05482567924586703,0.7184427094532817,0.016075549935502954,0.21065606136534834
4037,4038,2.07602096,0.515251338,1.04574883,0.9983167684128941,0.06460018944905671,3,4,8,9,0.0006436499012576678,0.09495369781194839,0.006089276447166039,0.8983133758396279
4039,4040,1.89965522,0.413163751,1.03931892,0.94580170722233,0.029367672255257857,3,4,8,9,0.1276592199616891,0.4611933684647009,0.08913395114899075,0.32201346042461926
4151,4152,-1.20636463,2.07123613,1.0385896,0.020946219519009227,0.6016024102717463,40,41,45,46,0.5291749378393737,0.04839131835617734,0.38704018408458946,0.035393559719859566
4152,4153,-1.2052145,2.2902596,1.03201139,0.021288684826200388,0.6771918957262365,45,46,50,51,0.4750914575431624,0.04422200228952722,0.43975380315203605,0.040932737015274334
4153,4154,-1.05559421,2.08254814,1.1180768,0.0658399604010369,0.6055064166111402,40,41,45,46,0.385196628572777,0.13771353887125984,0.3514435298230754,0.12564630273288777
4154,4155,-1.06030512,2.30094481,1.10509396,0.06443722919647732,0.6808795805477451,45,46,50,51,0.3471403453420335,0.12054552698953477,0.39511073787205725,0.1372033897963745
4155,4156,-0.884400189,2.10103083,1.17274308,0.11681507885813483,0.6118851714857427,40,41,45,46,0.23099997562365002,0.20260762357595222,0.3017397089438107,0.2646526918565871
4156,4157,-0.89748174,2.31892157,1.15948677,0.11291988667833568,0.687083728617077,45,46,50,51,0.20881567156974112,0.17201212779118125,0.3395047817169161,0.27966741892216146
4157,4158,-0.699510992,2.12657619,1.19953179,0.1718681038613428,0.6207013984323331,40,41,45,46,0.09693993804733667,0.21324048389999986,0.21558764650729215,0.4742319315453713
4158,4159,-0.717625499,2.3432579,1.1833967,0.1664742873324529,0.6954826945477631,45,46,50,51,0.08794999493920246,0.17529228139211447,0.24615285573098597,0.49060486793769714
4159,4160,-0.505717516,2.15783525,1.19064605,0.22957248709627343,0.631489540274808,40,41,45,46,0.013003863512364596,0.14614257264032426,0.0687061881025417,0.7721473757447694
4160,4161,-0.528758347,2.37185717,1.17189324,0.22271179720351736,0.7053528883844057,45,46,50,51,0.013650602825472563,0.11140895979284762,0.095502208360458,0.7794382290212218
4161,4162,-0.310503274,2.19270754,1.15763462,0.28769992082518026,0.6435246817951196,46,47,51,52,0.8412640768137335,0.1493903780545919,0.007936239885545497,0.0014093052461291288
4162,4163,-0.336675555,2.40419006,1.1382463,0.27990680330580464,0.7165116309536682,51,52,56,57,0.8529378763353892,0.11589929031325648,0.027434910441392193,0.003727922909962085
4163,4164,-0.117020212,2.22983217,1.1039902,0.3453118744861789,0.6563371519810239,46,47,51,52,0.5019814508314717,0.30929842143419317,0.11677105122381272,0.07194907651052239
4164,4165,-0.146958679,2.4383707,1.09032071,0.33639732891481855,0.7283080698928612,51,52,56,57,0.5259413737355374,0.27774564776440575,0.12846931060518837,0.06784366789486844
4165,4166,0.0760447457,2.2691741,1.05098438,0.40279933246622185,0.6699148578108447,46,47,51,52,0.2415211046305562,0.37967088601761845,0.1472815655045564,0.23152644384726895
4166,4167,0.0440001525,2.47469044,1.04186392,0.3932576619993572,0.740842756054307,51,52,56,57,0.26822275119199335,0.35997866404770773,0.1587466008105779,0.21305198394972102
4167,4168,0.27295965,2.31110406,1.02047646,0.46143315924373884,0.6843857458007362,46,47,51,52,0.06457625009793323,0.3540233086917608,0.08969111292711139,0.4917093282831946
4168,4169,0.237784699,2.51222634,1.0104568,0.4509593863661941,0.7537971639406911,51,52,56,57,0.08765317328331128,0.35918653154701324,0.10850928125191235,0.4446510139177631
4169,4170,0.469816238,2.35268092,0.994708717,0.5200496216280187,0.6987347717485644,47,48,52,53,0.20025292674568007,0.01746026877441941,0.7195485867422451,0.06273821773765544
4170,4171,0.431563884,2.54891682,0.983432651,0.5086595142806783,0.7664598000694962,52,53,57,58,0.26022566739619546,0.009337131630857575,0.7051362754810911,0.025300925491855822
4171,4172,0.666516721,2.39298034,0.974164605,0.5786196018348239,0.7126429269883402,47,48,52,53,0.015766326302981082,0.007232695860255934,0.6697552663577235,0.3072457114790395
4172,4173,0.624840915,2.58442283,0.958041787,0.5662101196856486,0.778713651341426,52,53,57,58,0.07205216219669537,0.025956719023340326,0.6631073590607102,0.2388837597192541
4173,4174,0.81764394,2.61837673,0.937778652,0.6236195839931772,0.7904318376626144,57,58,62,63,0.4721341180725315,0.4618201546508679,0.03338754595475981,0.03265818132184082
4174,4175,0.517690063,2.16356325,1.01458561,0.5343046399172928,0.6334663903935798,42,43,47,48,0.11343033710824572,0.018040197381637944,0.749351103222583,0.11917836228753335
4175,4176,0.718062878,2.21139503,1.006284,0.5939681019970063,0.6499741173443597,47,48,52,53,0.5619409899243317,0.33842136725463146,0.06218660208764292,0.0374510407333939
4176,4177,0.574080288,1.98203886,1.03967011,0.5510955207109475,0.57081860548934,37,38,42,43,0.006794197621505041,0.0017453255277342955,0.7888237195347051,0.2026367573160556
4177,4178,0.778604507,2.03669643,1.03637302,0.611995114224616,0.5896820523724197,42,43,47,48,0.41095164815263646,0.3334996186334889,0.14106789494889932,0.1144808382649753
4178,4179,0.638502479,1.80780232,1.06528115,0.570278017846702,0.5106860068871415,37,38,42,43,0.6113393496257835,0.23905655395423514,0.10754857898740872,0.042055517432572694
4179,4180,0.844311476,1.87181866,1.0852263,0.6315601697602404,0.5327793569800775,37,38,42,43,0.2563459582980624,0.2847430439808528,0.21741336266097588,0.2414976350601089
4180,4181,0.708021879,1.64048195,1.10365129,0.5909782714499886,0.4529403202063721,32,33,37,38,0.41907665104439407,0.23975886606639643,0.21701026315565156,0.12415421973355799
4181,4182,0.916319072,1.71060884,1.13243318,0.6530013142258574,0.4771425462583273,32,33,37,38,0.12416000649278848,0.19584434589062905,0.263834736603782,0.4161609110128005
4182,4183,0.782204449,1.47855127,1.14676666,0.6130670410875797,0.39705472593423463,27,28,32,33,0.24167781944733552,0.19955601747337987,0.3060540162023457,0.25271214687693894
4183,4184,0.991595268,1.55445802,1.18041801,0.6754157244119451,0.42325170005313884,27,28,32,33,0.022219013480258246,0.05225718577579762,0.27611808887196143,0.6494057118719827
4184,4185,0.858846724,1.31843054,1.19618428,0.635888218042974,0.3417937824778218,22,23,27,28,0.09808457463944305,0.11680247067105191,0.3583625531886609,0.42675040150084415
4185,4186,1.06902862,1.39722383,1.22757387,0.6984724542420725,0.36898696067176784,27,28,32,33,0.1719335181850458,0.6622490324102047,0.03417666484666424,0.13164078455808528
4186,4187,0.939589083,1.15562212,1.24097168,0.6599302452731804,0.28560526215413906,17,18,22,23,0.000549904618023887,0.0009764252240294774,0.3597291142892543,0.6387445558686923
4187,4188,1.15018511,1.23573971,1.26172602,0.72263779405445,0.31325548340190673,22,23,27,28,0.0672479000877158,0.54717533228559,0.04220092369448441,0.3433758439322097
4188,4189,1.02730227,0.987209022,1.26411593,0.6860479219972675,0.22748245265972,17,18,22,23,0.20854661686587034,0.6066990458980499,0.04726169514505969,0.13749264209102013
4189,4190,1.2353276,1.07043433,1.28338945,0.7479900142320594,0.25620521104041527,17,18,22,23,0.003321517926696336,0.4098055275074901,0.004718425145066254,0.5821545294207473
4190,4191,1.1225512,0.818174183,1.25826526,0.7144094585818999,0.16914506761193235,12,13,17,18,0.08996848308465138,0.5420005703482957,0.05239368258774917,0.31563726397930364
4191,4192,1.32605815,0.903615534,1.27731454,0.7750061477798988,0.19863262782009852,13,14,18,19,0.19722350048986018,0.021919710028760444,0.7027519083905445,0.07810488109083494
4192,4193,1.52976954,0.98829174,1.28674912,0.8356637114941717,0.22785612081734855,18,19,23,24,0.5324589804195679,0.2775553281375527,0.12488617360374524,0.06509951783913423
4193,4194,1.42177093,0.737186432,1.26082051,0.8035058013884682,0.1411945359807498,8,9,13,14,0.01829478592384113,0.0049817103456617695,0.7676820085222862,0.2090414952082109
4194,4195,1.62046874,0.825863063,1.26985168,0.8626705101951849,0.17179865758072116,13,14,18,19,0.3267446459538773,0.26807414791602635,0.22257331326538296,0.18260789286471338
4195,4196,1.82070529,0.91118902,1.27236795,0.9222933977006464,0.20124639295603022,13,14,18,19,0.05674151598187728,0.12580898263369955,0.25408489321553696,0.5633646081688862
4196,4197,1.71309435,0.673162103,1.21618128,0.8902509210899728,0.11909842872028595,8,9,13,14,0.14601983158597448,0.1866021663300223,0.2929764840541342,0.37440151802986904
4197,4198,1.90763533,0.763507664,1.22170305,0.9481778828047158,0.15027853224566268,13,14,18,19,0.18575131058508887,0.7103492379756339,0.021537158196047852,0.0823622932432294
4199,4200,1.99396276,0.628348351,1.14911604,0.9738829333937598,0.10363228504643617,8,9,13,14,0.057368540547501665,0.49177946880239204,0.04709972587745932,0.403752264772647
4202,4203,1.80840182,0.531245828,1.14498472,0.9186298886772597,0.0701202155412695,3,4,8,9,0.005961819595173157,0.012355162827053855,0.31951862569578804,0.662164391881985
4203,4204,1.52169228,0.580778062,1.20645177,0.8332586083083029,0.08721480399551781,8,9,13,14,0.5195613370510282,0.2594314070117224,0.14740422971576017,0.07360302622148918
4204,4205,1.62440646,0.433262736,1.13553071,0.8638430145985418,0.03630424363871512,3,4,8,9,0.26781566482269176,0.22392492423529647,0.27681227678314085,0.23144713415887092
4205,4206,1.32848942,0.489764422,1.1857444,0.775730088227861,0.055804132723894735,3,4,8,9,0.19622912342807394,0.022513018437399744,0.7008505236604818,0.08040733447404445
4206,4207,1.43685758,0.33980754,1.11531603,0.8079980363764576,0.004050941384447513,3,4,8,9,0.7244516872752531,0.21883513334248175,0.043556167218916454,0.013157012163348728
4207,4208,1.13502955,0.399180263,1.15628493,0.7181250402691782,0.024541684141842254,2,3,7,8,0.08369298807341202,0.5727234339407965,0.04380685084987507,0.29977672713591647
4320,4321,-1.18499815,1.62242484,1.05557799,0.027308350875286044,0.44670844170634133,30,31,35,36,0.664584760047078,0.08149705606414351,0.22618183645177783,0.02773634743700067
4321,4322,-1.19929969,1.84805608,1.0474354,0.023049892014629213,0.5245784039257262,35,36,40,41,0.5954284321385924,0.06047391290124092,0.3123719998028907,0.031725655157275934
4322,4323,-1.028139,1.63769889,1.144943,0.07401508575786524,0.4519798291987692,30,31,35,36,0.4732462358594468,0.19903615535778427,0.2306934211090922,0.09702418767367668
4323,4324,-1.04448092,1.86196017,1.13099205,0.0691490787387508,0.5293769901631412,35,36,40,41,0.42588376389133925,0.1628383738246839,0.2975199211536575,0.11375794113031927
4324,4325,-0.846134126,1.66140556,1.19619966,0.12820926822828677,0.46016148656699285,30,31,35,36,0.2717098554073773,0.2860293326547226,0.2154530716794756,0.2268077402584245
4325,4326,-0.867665529,1.88240373,1.184744,0.12179802902693339,0.5364324814365561,35,36,40,41,0.25124779194632185,0.23869746794189273,0.26156009194594465,0.24849464816584083
4326,4327,-0.652914226,1.6925112,1.21948421,0.18574286217762578,0.47089668002517604,30,31,35,36,0.10472537839181145,0.30272110125572377,0.1523031728976854,0.44025034745477937
4327,4328,-0.678202152,1.90974462,1.21296954,0.17821307220099847,0.5458683825615258,35,36,40,41,0.10275369623273713,0.255088947905902,0.184394014963269,0.4577633408980919
4328,4329,-0.451456755,1.73049235,1.21319902,0.2457292938783706,0.4840047528060055,30,31,35,36,0.0038254160060685826,0.22010804470985432,0.013257408480448962,0.7628091308036281
4329,4330,-0.479970098,1.94368064,1.20455134,0.23723909644891208,0.5575803981285027,35,36,40,41,0.009896051415091985,0.18397837478587065,0.04114756278925968,0.7649780110097777
4330,4331,-0.248333305,1.77441454,1.16902924,0.30621179124996045,0.4991632001730131,31,32,36,37,0.009081068615031768,0.002634128962785147,0.7660717663851264,0.22221303603705667
4331,4332,-0.281800449,1.98227298,1.16572034,0.29624653884303936,0.5708994050964991,36,37,41,42,0.006037890414499198,0.0013704382345144427,0.8089759542133433,0.18361571713764302
4332,4333,-0.0427609012,1.82396901,1.11944103,0.3674234946377521,0.5162654627262908,36,37,41,42,0.40954660189330555,0.36273691993862306,0.1207594195556861,0.10695705861238529
4333,4334,-0.0829599276,2.02507734,1.11336517,0.3554537417186358,0.5856720664355272,41,42,46,47,0.46288977427159095,0.3377012956310286,0.11529525885386582,0.08411367124351465
4334,4335,0.161683157,1.87482655,1.07463324,0.4282992192905121,0.5338174414255651,36,37,41,42,0.1510178535365694,0.3755379665055191,0.1357852693013821,0.33765891065652937
4335,4336,0.114703231,2.06898165,1.06311369,0.41431037038698826,0.600824343048323,41,42,46,47,0.20169940264407632,0.3867597946794024,0.14105911580797065,0.2704816868685506
4336,4337,0.367924869,1.92788076,1.0471772,0.48971021740004705,0.5521275359332197,36,37,41,42,0.011121793715264063,0.25909270321965955,0.030037336684547722,0.6997481663805287
4337,4338,0.316213012,2.1158545,1.03264701,0.4743123780315126,0.6170011236156545,41,42,46,47,0.03719406028157622,0.32479020909926104,0.06555642759237336,0.5724593030267894
4338,4339,0.216047511,1.68603754,1.07709336,0.44448687215832816,0.46866248736807276,31,32,36,37,0.09742002731866624,0.3413051495283151,0.12463248404802112,0.43664233910499756
4339,4340,0.42815575,1.74667215,1.06465673,0.5076447006011301,0.48958873317466894,32,33,37,38,0.14130063856017916,0.004457096994455508,0.8281205590353005,0.02612170541006487
4340,4341,0.27915746,1.50499141,1.07935023,0.4632786331515255,0.40617975978537696,26,27,31,32,0.0460461502951597,0.2674372127095632,0.10083931709873825,0.5856773198965388
4341,4342,0.49545902,1.57259393,1.08453476,0.5276850743289021,0.429510774047122,32,33,37,38,0.8775651935863285,0.10928396975396333,0.01169450909806309,0.001456327561645086
4342,4343,0.351409227,1.32984185,1.08704019,0.48479248252573726,0.3457320592810414,21,22,26,27,0.009717674841215199,0.1500334952242052,0.05111239505583578,0.7891364348787439
4343,4344,0.56971544,1.40345407,1.11150706,0.5497958337093364,0.3711371441012332,27,28,32,33,0.6439206501759511,0.16015933240678384,0.15689601498670339,0.03902400243056167
4344,4345,0.432299048,1.15991938,1.11366367,0.508878418374212,0.2870883345950248,22,23,27,28,0.9459328074992746,0.03483050817037809,0.018553519003877424,0.000683165326469886
4345,4346,0.648153603,1.23899782,1.15431273,0.5731517583329082,0.31437992389430747,22,23,27,28,0.42350277499786076,0.17517829048183473,0.2838901916705064,0.11742874284979814
4346,4347,0.518175066,0.991578996,1.14858222,0.534449055506299,0.2289906201913069,17,18,22,23,0.6847030220028806,0.10942829531882266,0.17750075597192355,0.02836792670637316
4347,4348,0.729857206,1.07426107,1.2005831,0.5974800077482116,0.2575258973922848,17,18,22,23,0.24076039503387064,0.15387704147414166,0.3693195739732828,0.2360429895187049
4348,4349,0.614292264,0.823034227,1.16270494,0.5630691295322158,0.17082236833795122,12,13,17,18,0.4549799011216364,0.15350694214704658,0.2927435807495005,0.09876957598181652
4349,4350,0.820662796,0.904311955,1.22308648,0.6245184853759826,0.19887297697103515,12,13,17,18,0.10830476287389067,0.1074735595316172,0.39362129562217874,0.3906003819723134
4350,4351,0.716192842,0.648324609,1.17102635,0.5934112758528325,0.11052650082854454,7,8,12,13,0.2835063832225521,0.16912260517782432,0.34284851336611794,0.20452249823350563
4351,4352,0.918668151,0.732623756,1.22501552,0.6537007812959724,0.13961986304211196,7,8,12,13,0.01745786094717244,0.027864056463260015,0.36773901386893787,0.5869390687206296
4352,4353,0.82763803,0.476122916,1.15260589,0.6265954468103775,0.05109616960302766,2,3,7,8,0.14051021390297325,0.1441434116546395,0.3531079988555168,0.36223837558687044
4353,4354,1.0240829,0.561689615,1.20471179,0.6850893151128178,0.0806269899733251,7,8,12,13,0.2262065032820694,0.6450156370913792,0.03343623626665945,0.09534162335989196
4354,4355,1.22291982,0.649576128,1.23846436,0.7442954456274139,0.11095842566859258,7,8,12,13,0.010190206130598586,0.4363918345091053,0.01262801135974582,0.5407899480005504
4355,4356,0.519601345,0.561858952,1.09954238,0.5348737475636103,0.08068543164032273,7,8,12,13,0.7489869655313903,0.12141699150409152,0.11151804421416861,0.0180779987503496
4356,4357,0.638607144,0.392680466,1.08144784,0.5703091831335627,0.022298471070710486,2,3,7,8,0.49438076049790824,0.19344064451214496,0.22438250696784093,0.0877960880221059
4357,4358,0.321197271,0.463078529,1.05162144,0.47579650225186637,0.046594284479030496,1,2,6,7,0.03366029006254422,0.3140197272310288,0.0631537009299903,0.5891662817764367
4471,4472,-1.2759707,1.16752052,0.936035335,0.00022015886071641234,0.2897116436927555,20,21,25,26,0.943205635870149,0.0008313524312743779,0.05591372868698526,4.928301159127146e-05
4473,4474,-1.12792456,1.17210412,1.04488719,0.044302711975209234,0.29129353793235085,20,21,25,26,0.7585214772732741,0.1633689916738136,0.06426767482588895,0.01384185622702334
4474,4475,-1.15994644,1.39660692,1.0536027,0.034767804642090595,0.3687740523954461,25,26,30,31,0.7207379508559695,0.116425315607785,0.1401908305756681,0.022645902960577384
4475,4476,-0.963264048,1.18686664,1.13236177,0.09333239803186422,0.29638838594481104,20,21,25,26,0.5330224094406433,0.31754018733200234,0.0936479984318999,0.055789404795454536
4476,4477,-0.999283195,1.41227043,1.14325202,0.08260725544613909,0.3741798505106492,25,26,30,31,0.5098663098037277,0.25161578304718324,0.1597046684117159,0.07881323873737313
4477,4478,-0.783414245,1.21372092,1.19413531,0.14688488169255656,0.30565634799221536,20,21,25,26,0.29730609900911903,0.42350502909986604,0.11515437422065469,0.16403449767036024
4478,4479,-0.818283677,1.43824327,1.20028436,0.13650208084268506,0.3831436095607264,25,26,30,31,0.28873392405590925,0.34725554209392095,0.1652577525733505,0.19875278127681928
4479,4480,-0.584866822,1.25417364,1.21664,0.20600481092639664,0.31961741020182494,20,21,25,26,0.09245259146156226,0.43290366571288874,0.08352816483285119,0.3911155779926978
4480,4481,-0.621787667,1.47403395,1.22184062,0.19501117670706164,0.39549570628016156,25,26,30,31,0.10185252270820382,0.36120758936953395,0.11810277046354963,0.4188371174587126
4481,4482,-0.373403043,1.30759013,1.20477021,0.26897074350362477,0.33805253495756415,21,22,26,27,0.246983684681692,0.020280825912410056,0.677133341303809,0.05560214810208901
4482,4483,-0.416249037,1.51873791,1.21184742,0.256212823531863,0.4109239584860923,26,27,31,32,0.24092470661896204,0.0061398745757453976,0.7342239992535861,0.01871141955170651
4483,4484,-0.154625684,1.37194729,1.17209661,0.33411438418460415,0.3602635090130492,26,27,31,32,0.6345528728565759,0.32175800096073526,0.028989590405007485,0.014699535777681346
4484,4485,-0.205676138,1.57165492,1.17430151,0.3189134856676014,0.42918670246366736,31,32,36,37,0.7181066602773003,0.2732795052313566,0.00623939705229406,0.0023744374390490593
4485,4486,0.0616842955,1.43848825,1.1202786,0.3985233323713222,0.38322815717631586,26,27,31,32,0.257671908511292,0.3771338910202859,0.1482347620034192,0.2169594384650029
4486,4487,0.00532513438,1.62826347,1.12306476,0.3817417012287564,0.4487234725039958,31,32,36,37,0.33957699488016363,0.3782943900638949,0.1334562002048108,0.14867241485113064
4487,4488,-0.0961421281,1.17616677,1.15523076,0.35152857991632774,0.2926956416570416,21,22,26,27,0.535839897802578,0.36642111899883933,0.058045782532111,0.039693200666471654
4488,4489,0.126656488,1.25567889,1.10257351,0.4178695991962884,0.32013690280679724,21,22,26,27,0.170201576257689,0.3478817844471493,0.15832002695715736,0.32359661233800435
4489,4490,-0.0223542433,0.988954246,1.12673032,0.37349982719708824,0.22808476520715076,16,17,21,22,0.40824808095128495,0.39856520614860425,0.09775261026036207,0.09543410263974873
4490,4491,0.206035033,1.07833934,1.09813905,0.44150553408870546,0.25893339189889863,16,17,21,22,0.0877259085000568,0.2872066049153621,0.14625195514512135,0.47881553143945976
4491,4492,0.0668719858,0.808087587,1.09222579,0.40006803075515907,0.1656639767424136,11,12,16,17,0.2720964949252397,0.40860783068096984,0.12763138205412405,0.19166429233966642
4492,4493,0.299201101,0.906529546,1.09342921,0.4692468729785843,0.19963831304501167,11,12,16,17,0.02522538988978228,0.1798382274800543,0.0977871181958805,0.6971492644342829
4493,4494,0.179633573,0.634502709,1.06440842,0.4336441757125252,0.10575628004351446,6,7,11,12,0.13786406669139062,0.38154801269940686,0.12755923045850848,0.35302869015069405
4494,4495,0.405540198,0.736260831,1.094558,0.5009106427442108,0.14087509211783333,7,8,12,13,0.027647633703366373,0.00010107664696695503,0.9687097953197903,0.0035414943298763294
4495,4496,-0.178038731,0.691275835,1.13249016,0.327142862414772,0.12534984863222748,6,7,11,12,0.16947060292855096,0.07563151622026446,0.5219579474123611,0.23293993343882344
4496,4497,-0.0670161918,0.502086043,1.08691764,0.3602011845107744,0.060056576497866734,1,2,6,7,0.08902831957947169,0.070179609450394,0.47016694237743084,0.37062512859270347
4497,4498,0.124707177,0.335028291,1.04012251,0.4172891679490154,0.0024015246677418136,1,2,6,7,0.31971993041018465,0.64665872424143,0.011123397793753827,0.02249794755463156
4612,4613,-1.19783103,0.738407254,0.890993595,0.02348720353424824,0.14161586665737325,5,6,10,11,0.01574523681898696,0.001632629977787594,0.89030594904402,0.09231618415920537
4613,4614,-1.24079823,0.949624479,0.920194924,0.010693192990095987,0.2145112570777481,15,16,20,21,0.9542046882168963,0.04263771269463036,0.0030225398227197637,0.00013505926575358684
4614,4615,-1.04537344,0.733549714,1.00009239,0.06888331996715602,0.13993943011304036,5,6,10,11,0.029593000948076313,0.011254977469358614,0.6948737191832997,0.2642783023992655
4615,4616,-1.08816969,0.950930655,1.02703249,0.056140211881216665,0.21496204516796052,15,16,20,21,0.7680968042294285,0.2224345634191243,0.007342348245704875,0.0021262841057423628
4616,4617,-0.875688136,0.739097416,1.08162773,0.11940919944181758,0.14185405569921541,5,6,10,11,0.007335661479069066,0.006707558731915076,0.5150275407536606,0.4709292390353552
4617,4618,-0.920095861,0.963115454,1.10944772,0.10618625491920934,0.21916726886739504,15,16,20,21,0.5359410401355258,0.39571719572094377,0.03931394018763682,0.029027823955893612
4618,4619,-0.700340092,0.758397639,1.14295042,0.17162122917222747,0.1485149579565256,10,11,15,16,0.288681738099706,0.6321088505089356,0.02483334521138414,0.05437606617997426
4619,4620,-0.74281168,0.987228751,1.17379963,0.15897479317688942,0.22748926154170204,15,16,20,21,0.29679691258504237,0.5183534258311292,0.06730391470739992,0.1175457468764285
4620,4621,-0.495649785,0.808588505,1.17086196,0.23257027742400455,0.1658368538038303,10,11,15,16,0.04728921105005148,0.6309948356963248,0.02242967925393034,0.29928627399969343
4621,4622,-0.54215169,1.03257704,1.20079112,0.218723765133393,0.24313988488244045,15,16,20,21,0.07456774974442418,0.5214738619014094,0.05053718972200379,0.35342119863216265
4622,4623,-0.25581637,0.892519891,1.16748118,0.30398361690970616,0.19480329416395328,11,12,16,17,0.21385691746233657,0.058896964242317405,0.5702086148988388,0.1570375033965072
4623,4624,-0.320716262,1.09848022,1.19386625,0.28465887844496235,0.2658844221049337,16,17,21,22,0.23913036391559245,0.03848772661533601,0.6222341223045582,0.10014778716451339
4624,4625,-0.833301127,0.52353847,1.03684556,0.13203045100303343,0.06746024843622113,0,1,5,6,0.026215911326184015,0.02934061056672015,0.4456622846616823,0.49878119344541355
4625,4626,-1.00391078,0.52839154,0.960015953,0.0812293352818286,0.06913514229200117,0,1,5,6,0.021675559352327147,0.010432448559656502,0.6534070995203585,0.3144848925676579
4626,4627,-0.971020937,0.339844137,0.908661544,0.0910226892387425,0.004063571758713686,0,1,5,6,0.599732363269031,0.34337763210897737,0.036176879775998934,0.020713124845992664
4627,4628,-0.805354714,0.334809512,0.984685481,0.14035183807487506,0.002326019553891467,0,1,5,6,0.42431019665407826,0.5431255295914412,0.014282451046421514,0.018281822708059024
4751,4752,-1.23603618,0.365618765,0.669687092,0.01211115175659185,0.012958923787886148,0,1,5,6,0.7789195195286696,0.03965554744092436,0.17263587344496303,0.008789059585443045
4753,4754,-1.11887348,0.350349694,0.803264678,0.04699778200434697,0.007689254650336287,0,1,5,6,0.7245964700525195,0.16775396484277258,0.08741240193009273,0.020237163174615297
4754,4755,-1.15685308,0.537642598,0.85376817,0.03568889050425654,0.07232787188454048,5,6,10,11,0.8464515535876034,0.14095824002882973,0.010792884395370355,0.0017973219881964263
