cell_id,row,col,face_index_1based,v0,v1,v2,v3,center_x,center_y,center_z,u,v
0,0,0,7310,7298,7299,7329,7328,-1.2188069059903448,0.379811545,0.694777423925931,0.0,0.0
1,0,1,7311,7299,7300,7330,7329,-1.1030005619910346,0.379811545,0.825602491379893,0.03571428571428571,0.0
2,0,2,7312,7300,7301,7331,7330,-0.9871942179917241,0.379811545,0.9116373450668126,0.07142857142857142,0.0
3,0,3,7313,7301,7302,7332,7331,-0.8713878739924139,0.379811545,0.9717092180543281,0.10714285714285714,0.0
4,0,4,7314,7302,7303,7333,7332,-0.7555815299931035,0.379811545,1.0185168321334412,0.14285714285714285,0.0
5,0,5,7315,7303,7304,7334,7333,-0.6397751859937932,0.379811545,1.0545269122000172,0.17857142857142858,0.0
6,0,6,7316,7304,7305,7335,7334,-0.5239688419944828,0.379811545,1.0772828976427642,0.21428571428571427,0.0
7,0,7,7317,7305,7306,7336,7335,-0.40816249799517246,0.379811545,1.0879339128694114,0.25,0.0
8,0,8,7318,7306,7307,7337,7336,-0.2923561539958621,0.379811545,1.0882021866898435,0.2857142857142857,0.0
9,0,9,7319,7307,7308,7338,7337,-0.1765498099965518,0.379811545,1.0802010676124747,0.32142857142857145,0.0
10,0,10,7320,7308,7309,7339,7338,-0.06074346599724145,0.379811545,1.0673390903204343,0.35714285714285715,0.0
11,0,11,7321,7309,7310,7340,7339,0.05506287800206888,0.379811545,1.0533644235779978,0.39285714285714285,0.0
12,0,12,7322,7310,7311,7341,7340,0.17086922200137922,0.379811545,1.0429244971228764,0.42857142857142855,0.0
13,0,13,7323,7311,7312,7342,7341,0.28667556600068955,0.379811545,1.0382149076754112,0.4642857142857143,0.0
14,0,14,7324,7312,7313,7343,7342,0.4024819099999999,0.379811545,1.0397968653515326,0.5,0.0
15,0,15,7325,7313,7314,7344,7343,0.5182882539993102,0.379811545,1.0521349199572896,0.5357142857142857,0.0
16,0,16,7326,7314,7315,7345,7344,0.6340945979986204,0.379811545,1.0759640735503733,0.5714285714285714,0.0
17,0,17,7327,7315,7316,7346,7345,0.7499009419979309,0.379811545,1.1038946589720864,0.6071428571428571,0.0
18,0,18,7328,7316,7317,7347,7346,0.8657072859972412,0.379811545,1.1280806998620374,0.6428571428571429,0.0
19,0,19,7329,7317,7318,7348,7347,0.9815136299965515,0.379811545,1.1432231010459761,0.6785714285714286,0.0
20,0,20,7330,7318,7319,7349,7348,1.0973199739958617,0.379811545,1.148525184521005,0.7142857142857143,0.0
21,0,21,7331,7319,7320,7350,7349,1.2131263179951721,0.379811545,1.147632836579963,0.75,0.0
22,0,22,7332,7320,7321,7351,7350,1.3289326619944828,0.379811545,1.1423349947018233,0.7857142857142857,0.0
23,0,23,7333,7321,7322,7352,7351,1.444739005993793,0.379811545,1.1315688581122854,0.8214285714285714,0.0
24,0,24,7334,7322,7323,7353,7352,1.5605453499931032,0.379811545,1.1142725351907052,0.8571428571428571,0.0
25,0,25,7335,7323,7324,7354,7353,1.6763516939924137,0.379811545,1.0879533820446945,0.8928571428571429,0.0
26,0,26,7336,7324,7325,7355,7354,1.7921580379917241,0.379811545,1.0517191759025766,0.9285714285714286,0.0
27,0,27,7337,7325,7326,7356,7355,1.9079643819910344,0.379811545,1.005347469178306,0.9642857142857143,0.0
28,0,28,7338,7326,7327,7357,7356,2.0237707259903446,0.379811545,0.9420439260527136,1.0,0.0
29,1,0,7339,7328,7329,7359,7358,-1.2188069059903448,0.483295075,0.7571035944135768,0.0,0.037037037037037035
30,1,1,7340,7329,7330,7360,7359,-1.1030005619910346,0.483295075,0.8716883391552193,0.03571428571428571,0.037037037037037035
31,1,2,7341,7330,7331,7361,7360,-0.9871942179917241,0.483295075,0.9506894278196494,0.07142857142857142,0.037037037037037035
32,1,3,7342,7331,7332,7362,7361,-0.8713878739924139,0.483295075,1.0073905228988962,0.10714285714285714,0.037037037037037035
33,1,4,7343,7332,7333,7363,7362,-0.7555815299931035,0.483295075,1.0514383716494007,0.14285714285714285,0.037037037037037035
34,1,5,7344,7333,7334,7364,7363,-0.6397751859937932,0.483295075,1.0845097714886143,0.17857142857142858,0.037037037037037035
35,1,6,7345,7334,7335,7365,7364,-0.5239688419944828,0.483295075,1.104463290158475,0.21428571428571427,0.037037037037037035
36,1,7,7346,7335,7336,7366,7365,-0.40816249799517246,0.483295075,1.112514542871279,0.25,0.037037037037037035
37,1,8,7347,7336,7337,7367,7366,-0.2923561539958621,0.483295075,1.1103522300421587,0.2857142857142857,0.037037037037037035
38,1,9,7348,7337,7338,7368,7367,-0.1765498099965518,0.483295075,1.0994192955551891,0.32142857142857145,0.037037037037037035
39,1,10,7349,7338,7339,7369,7368,-0.06074346599724145,0.483295075,1.0828329404729664,0.35714285714285715,0.037037037037037035
40,1,11,7350,7339,7340,7370,7369,0.05506287800206888,0.483295075,1.0656773061609879,0.39285714285714285,0.037037037037037035
41,1,12,7351,7340,7341,7371,7370,0.17086922200137922,0.483295075,1.0544709207794407,0.42857142857142855,0.037037037037037035
42,1,13,7352,7341,7342,7372,7371,0.28667556600068955,0.483295075,1.0532095567829531,0.4642857142857143,0.037037037037037035
43,1,14,7353,7342,7343,7373,7372,0.4024819099999999,0.483295075,1.062118885029116,0.5,0.037037037037037035
44,1,15,7354,7343,7344,7374,7373,0.5182882539993102,0.483295075,1.0812445571189158,0.5357142857142857,0.037037037037037035
45,1,16,7355,7344,7345,7375,7374,0.6340945979986204,0.483295075,1.1082788000254211,0.5714285714285714,0.037037037037037035
46,1,17,7356,7345,7346,7376,7375,0.7499009419979309,0.483295075,1.1367004544664772,0.6071428571428571,0.037037037037037035
47,1,18,7357,7346,7347,7377,7376,0.8657072859972412,0.483295075,1.1606772119435305,0.6428571428571429,0.037037037037037035
48,1,19,7358,7347,7348,7378,7377,0.9815136299965515,0.483295075,1.176842971962735,0.6785714285714286,0.037037037037037035
49,1,20,7359,7348,7349,7379,7378,1.0973199739958617,0.483295075,1.1844163683460318,0.7142857142857143,0.037037037037037035
50,1,21,7360,7349,7350,7380,7379,1.2131263179951721,0.483295075,1.1859005494730406,0.75,0.037037037037037035
51,1,22,7361,7350,7351,7381,7380,1.3289326619944828,0.483295075,1.1833461546003354,0.7857142857142857,0.037037037037037035
52,1,23,7362,7351,7352,7382,7381,1.444739005993793,0.483295075,1.176673597386514,0.8214285714285714,0.037037037037037035
53,1,24,7363,7352,7353,7383,7382,1.5605453499931032,0.483295075,1.1652095279513555,0.8571428571428571,0.037037037037037035
54,1,25,7364,7353,7354,7384,7383,1.6763516939924137,0.483295075,1.1466103124085665,0.8928571428571429,0.037037037037037035
55,1,26,7365,7354,7355,7385,7384,1.7921580379917241,0.483295075,1.1196438198952734,0.9285714285714286,0.037037037037037035
56,1,27,7366,7355,7356,7386,7385,1.9079643819910344,0.483295075,1.0845325575349771,0.9642857142857143,0.037037037037037035
57,1,28,7367,7356,7357,7387,7386,2.0237707259903446,0.483295075,1.0390168625777505,1.0,0.037037037037037035
58,2,0,7368,7358,7359,7389,7388,-1.2188069059903448,0.5867786049999999,0.8102892905013371,0.0,0.07407407407407407
59,2,1,7369,7359,7360,7390,7389,-1.1030005619910346,0.5867786049999999,0.9124005500539201,0.03571428571428571,0.07407407407407407
60,2,2,7370,7360,7361,7391,7390,-0.9871942179917241,0.5867786049999999,0.9858136142846994,0.07142857142857142,0.07407407407407407
61,2,3,7371,7361,7362,7392,7391,-0.8713878739924139,0.5867786049999999,1.0400910105954602,0.10714285714285714,0.07407407407407407
62,2,4,7372,7362,7363,7393,7392,-0.7555815299931035,0.5867786049999999,1.0819076111294976,0.14285714285714285,0.07407407407407407
63,2,5,7373,7363,7364,7394,7393,-0.6397751859937932,0.5867786049999999,1.1116319322467239,0.17857142857142858,0.07407407407407407
64,2,6,7374,7364,7365,7395,7394,-0.5239688419944828,0.5867786049999999,1.1279757132904085,0.21428571428571427,0.07407407407407407
65,2,7,7375,7365,7366,7396,7395,-0.40816249799517246,0.5867786049999999,1.1332181031058337,0.25,0.07407407407407407
66,2,8,7376,7366,7367,7397,7396,-0.2923561539958621,0.5867786049999999,1.1291189177303353,0.2857142857142857,0.07407407407407407
67,2,9,7377,7367,7368,7398,7397,-0.1765498099965518,0.5867786049999999,1.1159944602335659,0.32142857142857145,0.07407407407407407
68,2,10,7378,7368,7369,7399,7398,-0.06074346599724145,0.5867786049999999,1.0962116463583464,0.35714285714285715,0.07407407407407407
69,2,11,7379,7369,7370,7400,7399,0.05506287800206888,0.5867786049999999,1.0759801813883882,0.39285714285714285,0.07407407407407407
70,2,12,7380,7370,7371,7401,7400,0.17086922200137922,0.5867786049999999,1.0636471692977403,0.42857142857142855,0.07407407407407407
71,2,13,7381,7371,7372,7402,7401,0.28667556600068955,0.5867786049999999,1.0645997356619548,0.4642857142857143,0.07407407407407407
72,2,14,7382,7372,7373,7403,7402,0.4024819099999999,0.5867786049999999,1.0787622072240974,0.5,0.07407407407407407
73,2,15,7383,7373,7374,7404,7403,0.5182882539993102,0.5867786049999999,1.1035357163197732,0.5357142857142857,0.07407407407407407
74,2,16,7384,7374,7375,7405,7404,0.6340945979986204,0.5867786049999999,1.134292902323153,0.5714285714285714,0.07407407407407407
75,2,17,7385,7375,7376,7406,7405,0.7499009419979309,0.5867786049999999,1.1638846157419824,0.6071428571428571,0.07407407407407407
76,2,18,7386,7376,7377,7407,7406,0.8657072859972412,0.5867786049999999,1.1876241946041275,0.6428571428571429,0.07407407407407407
77,2,19,7387,7377,7378,7408,7407,0.9815136299965515,0.5867786049999999,1.2045561699847533,0.6785714285714286,0.07407407407407407
78,2,20,7388,7378,7379,7409,7408,1.0973199739958617,0.5867786049999999,1.2147210589212918,0.7142857142857143,0.07407407407407407
79,2,21,7389,7379,7380,7410,7409,1.2131263179951721,0.5867786049999999,1.2191609132910333,0.75,0.07407407407407407
80,2,22,7390,7380,7381,7411,7410,1.3289326619944828,0.5867786049999999,1.2189139155890727,0.7857142857142857,0.07407407407407407
81,2,23,7391,7381,7382,7412,7411,1.444739005993793,0.5867786049999999,1.21403350537762,0.8214285714285714,0.07407407407407407
82,2,24,7392,7382,7383,7413,7412,1.5605453499931032,0.5867786049999999,1.2046974684218972,0.8571428571428571,0.07407407407407407
83,2,25,7393,7383,7384,7414,7413,1.6763516939924137,0.5867786049999999,1.1905694646345792,0.8928571428571429,0.07407407407407407
84,2,26,7394,7384,7385,7415,7414,1.7921580379917241,0.5867786049999999,1.171349026642334,0.9285714285714286,0.07407407407407407
85,2,27,7395,7385,7386,7416,7415,1.9079643819910344,0.5867786049999999,1.146165666067055,0.9642857142857143,0.07407407407407407
86,2,28,7396,7386,7387,7417,7416,2.0237707259903446,0.5867786049999999,1.1135452988180112,1.0,0.07407407407407407
87,3,0,7397,7388,7389,7419,7418,-1.2188069059903448,0.690262135,0.8523438655082571,0.0,0.1111111111111111
88,3,1,7398,7389,7390,7420,7419,-1.1030005619910346,0.690262135,0.9470362507218866,0.03571428571428571,0.1111111111111111
89,3,2,7399,7390,7391,7421,7420,-0.9871942179917241,0.690262135,1.0169418851727885,0.07142857142857142,0.1111111111111111
90,3,3,7400,7391,7392,7422,7421,-0.8713878739924139,0.690262135,1.0694576061843517,0.10714285714285714,0.1111111111111111
91,3,4,7401,7392,7393,7423,7422,-0.7555815299931035,0.690262135,1.109716454976149,0.14285714285714285,0.1111111111111111
92,3,5,7402,7393,7394,7424,7423,-0.6397751859937932,0.690262135,1.1362565864477374,0.17857142857142858,0.1111111111111111
93,3,6,7403,7394,7395,7425,7424,-0.5239688419944828,0.690262135,1.1488176130489964,0.21428571428571427,0.1111111111111111
94,3,7,7404,7395,7396,7426,7425,-0.40816249799517246,0.690262135,1.1513404466923605,0.25,0.1111111111111111
95,3,8,7405,7396,7397,7427,7426,-0.2923561539958621,0.690262135,1.1454017340087197,0.2857142857142857,0.1111111111111111
96,3,9,7406,7397,7398,7428,7427,-0.1765498099965518,0.690262135,1.130209767056737,0.32142857142857145,0.1111111111111111
97,3,10,7407,7398,7399,7429,7428,-0.06074346599724145,0.690262135,1.1077276853927096,0.35714285714285715,0.1111111111111111
98,3,11,7408,7399,7400,7430,7429,0.05506287800206888,0.690262135,1.0853227248929531,0.39285714285714285,0.1111111111111111
99,3,12,7409,7400,7401,7431,7430,0.17086922200137922,0.690262135,1.0723650878299682,0.42857142857142855,0.1111111111111111
100,3,13,7410,7401,7402,7432,7431,0.28667556600068955,0.690262135,1.074283134281861,0.4642857142857143,0.1111111111111111
101,3,14,7411,7402,7403,7433,7432,0.4024819099999999,0.690262135,1.0911084450729989,0.5,0.1111111111111111
102,3,15,7412,7403,7404,7434,7433,0.5182882539993102,0.690262135,1.1193724641955294,0.5357142857142857,0.1111111111111111
103,3,16,7413,7404,7405,7435,7434,0.6340945979986204,0.690262135,1.1527994422907133,0.5714285714285714,0.1111111111111111
104,3,17,7414,7405,7406,7436,7435,0.7499009419979309,0.690262135,1.1838066792531525,0.6071428571428571,0.1111111111111111
105,3,18,7415,7406,7407,7437,7436,0.8657072859972412,0.690262135,1.208106521622611,0.6428571428571429,0.1111111111111111
106,3,19,7416,7407,7408,7438,7437,0.9815136299965515,0.690262135,1.2256231395582922,0.6785714285714286,0.1111111111111111
107,3,20,7417,7408,7409,7439,7438,1.0973199739958617,0.690262135,1.2373817029850258,0.7142857142857143,0.1111111111111111
108,3,21,7418,7409,7410,7440,7439,1.2131263179951721,0.690262135,1.2446089913901552,0.75,0.1111111111111111
109,3,22,7419,7410,7411,7441,7440,1.3289326619944828,0.690262135,1.2477492342283085,0.7857142857142857,0.1111111111111111
110,3,23,7420,7411,7412,7442,7441,1.444739005993793,0.690262135,1.2456692873922235,0.8214285714285714,0.1111111111111111
111,3,24,7421,7412,7413,7443,7442,1.5605453499931032,0.690262135,1.2381740981625255,0.8571428571428571,0.1111111111111111
112,3,25,7422,7413,7414,7444,7443,1.6763516939924137,0.690262135,1.2264150238503897,0.8928571428571429,0.1111111111111111
113,3,26,7423,7414,7415,7445,7444,1.7921580379917241,0.690262135,1.21167878120955,0.9285714285714286,0.1111111111111111
114,3,27,7424,7415,7416,7446,7445,1.9079643819910344,0.690262135,1.193480149585628,0.9642857142857143,0.1111111111111111
115,3,28,7425,7416,7417,7447,7446,2.0237707259903446,0.690262135,1.1701910560440645,1.0,0.1111111111111111
116,4,0,7426,7418,7419,7449,7448,-1.2188069059903448,0.793745665,0.8883573084214639,0.0,0.14814814814814814
117,4,1,7427,7419,7420,7450,7449,-1.1030005619910346,0.793745665,0.9769341255545811,0.03571428571428571,0.14814814814814814
118,4,2,7428,7420,7421,7451,7450,-0.9871942179917241,0.793745665,1.0435290216527418,0.07142857142857142,0.14814814814814814
119,4,3,7429,7421,7422,7452,7451,-0.8713878739924139,0.793745665,1.0945088531775256,0.10714285714285714,0.14814814814814814
120,4,4,7430,7422,7423,7453,7452,-0.7555815299931035,0.793745665,1.1333790563865183,0.14285714285714285,0.14814814814814814
121,4,5,7431,7423,7424,7454,7453,-0.6397751859937932,0.793745665,1.1573914804831187,0.17857142857142858,0.14814814814814814
122,4,6,7432,7424,7425,7455,7454,-0.5239688419944828,0.793745665,1.1670242215984925,0.21428571428571427,0.14814814814814814
123,4,7,7433,7425,7426,7456,7455,-0.40816249799517246,0.793745665,1.1672616871940058,0.25,0.14814814814814814
124,4,8,7434,7426,7427,7457,7456,-0.2923561539958621,0.793745665,1.159362735894933,0.2857142857142857,0.14814814814814814
125,4,9,7435,7427,7428,7458,7457,-0.1765498099965518,0.793745665,1.142117556968193,0.32142857142857145,0.14814814814814814
126,4,10,7436,7428,7429,7459,7458,-0.06074346599724145,0.793745665,1.117963569552864,0.35714285714285715,0.14814814814814814
127,4,11,7437,7429,7430,7460,7459,0.05506287800206888,0.793745665,1.0948362374495573,0.39285714285714285,0.14814814814814814
128,4,12,7438,7430,7431,7461,7460,0.17086922200137922,0.793745665,1.0819227548762789,0.42857142857142855,0.14814814814814814
129,4,13,7439,7431,7432,7462,7461,0.28667556600068955,0.793745665,1.0842490331988568,0.4642857142857143,0.14814814814814814
130,4,14,7440,7432,7433,7463,7462,0.4024819099999999,0.793745665,1.1023022185882774,0.5,0.14814814814814814
131,4,15,7441,7433,7434,7464,7463,0.5182882539993102,0.793745665,1.1317938462164254,0.5357142857142857,0.14814814814814814
132,4,16,7442,7434,7435,7465,7464,0.6340945979986204,0.793745665,1.165366164232489,0.5714285714285714,0.14814814814814814
133,4,17,7443,7435,7436,7466,7465,0.7499009419979309,0.793745665,1.1967144654783066,0.6071428571428571,0.14814814814814814
134,4,18,7444,7436,7437,7467,7466,0.8657072859972412,0.793745665,1.222123686318786,0.6428571428571429,0.14814814814814814
135,4,19,7445,7437,7438,7468,7467,0.9815136299965515,0.793745665,1.24060632490303,0.6785714285714286,0.14814814814814814
136,4,20,7446,7438,7439,7469,7468,1.0973199739958617,0.793745665,1.2529604494360995,0.7142857142857143,0.14814814814814814
137,4,21,7447,7439,7440,7470,7469,1.2131263179951721,0.793745665,1.2611528978106639,0.75,0.14814814814814814
138,4,22,7448,7440,7441,7471,7470,1.3289326619944828,0.793745665,1.26641379895863,0.7857142857142857,0.14814814814814814
139,4,23,7449,7441,7442,7472,7471,1.444739005993793,0.793745665,1.2677039420353107,0.8214285714285714,0.14814814814814814
140,4,24,7450,7442,7443,7473,7472,1.5605453499931032,0.793745665,1.2641845139811037,0.8571428571428571,0.14814814814814814
141,4,25,7451,7443,7444,7474,7473,1.6763516939924137,0.793745665,1.2562114185140798,0.8928571428571429,0.14814814814814814
142,4,26,7452,7444,7445,7475,7474,1.7921580379917241,0.793745665,1.2449319928018803,0.9285714285714286,0.14814814814814814
143,4,27,7453,7445,7446,7476,7475,1.9079643819910344,0.793745665,1.2307591121432373,0.9642857142857143,0.14814814814814814
144,4,28,7454,7446,7447,7477,7476,2.0237707259903446,0.793745665,1.2129157099797756,1.0,0.14814814814814814
145,5,0,7455,7448,7449,7479,7478,-1.2188069059903448,0.897229195,0.9202078008217695,0.0,0.18518518518518517
146,5,1,7456,7449,7450,7480,7479,-1.1030005619910346,0.897229195,1.0034250108613085,0.03571428571428571,0.18518518518518517
147,5,2,7457,7450,7451,7481,7480,-0.9871942179917241,0.897229195,1.0661944183522973,0.07142857142857142,0.18518518518518517
148,5,3,7458,7451,7452,7482,7481,-0.8713878739924139,0.897229195,1.1156153133038673,0.10714285714285714,0.18518518518518517
149,5,4,7459,7452,7453,7483,7482,-0.7555815299931035,0.897229195,1.1530181457751607,0.14285714285714285,0.18518518518518517
150,5,5,7460,7453,7454,7484,7483,-0.6397751859937932,0.897229195,1.1750071039649121,0.17857142857142858,0.18518518518518517
151,5,6,7461,7454,7455,7485,7484,-0.5239688419944828,0.897229195,1.1828761806404158,0.21428571428571427,0.18518518518518517
152,5,7,7462,7455,7456,7486,7485,-0.40816249799517246,0.897229195,1.1812852510961398,0.25,0.18518518518518517
153,5,8,7463,7456,7457,7487,7486,-0.2923561539958621,0.897229195,1.1713788494413566,0.2857142857142857,0.18518518518518517
154,5,9,7464,7457,7458,7488,7487,-0.1765498099965518,0.897229195,1.1524709948190437,0.32142857142857145,0.18518518518518517
155,5,10,7465,7458,7459,7489,7488,-0.06074346599724145,0.897229195,1.1276219156364387,0.35714285714285715,0.18518518518518517
156,5,11,7466,7459,7460,7490,7489,0.05506287800206888,0.897229195,1.1044856292049583,0.39285714285714285,0.18518518518518517
157,5,12,7467,7460,7461,7491,7490,0.17086922200137922,0.897229195,1.091383734635492,0.42857142857142855,0.18518518518518517
158,5,13,7468,7461,7462,7492,7491,0.28667556600068955,0.897229195,1.0936542142145738,0.4642857142857143,0.18518518518518517
159,5,14,7469,7462,7463,7493,7492,0.4024819099999999,0.897229195,1.1124407745507168,0.5,0.18518518518518517
160,5,15,7470,7463,7464,7494,7493,0.5182882539993102,0.897229195,1.1420886033648583,0.5357142857142857,0.18518518518518517
161,5,16,7471,7464,7465,7495,7494,0.6340945979986204,0.897229195,1.1743640783555278,0.5714285714285714,0.18518518518518517
162,5,17,7472,7465,7466,7496,7495,0.7499009419979309,0.897229195,1.2048054499273346,0.6071428571428571,0.18518518518518517
163,5,18,7473,7466,7467,7497,7496,0.8657072859972412,0.897229195,1.230924826133207,0.6428571428571429,0.18518518518518517
164,5,19,7474,7467,7468,7498,7497,0.9815136299965515,0.897229195,1.2508858842219222,0.6785714285714286,0.18518518518518517
165,5,20,7475,7468,7469,7499,7498,1.0973199739958617,0.897229195,1.2640852429473004,0.7142857142857143,0.18518518518518517
166,5,21,7476,7469,7470,7500,7499,1.2131263179951721,0.897229195,1.272114586195653,0.75,0.18518518518518517
167,5,22,7477,7470,7471,7501,7500,1.3289326619944828,0.897229195,1.2771929609582102,0.7857142857142857,0.18518518518518517
168,5,23,7478,7471,7472,7502,7501,1.444739005993793,0.897229195,1.2798197464987855,0.8214285714285714,0.18518518518518517
169,5,24,7479,7472,7473,7503,7502,1.5605453499931032,0.897229195,1.2797587187770785,0.8571428571428571,0.18518518518518517
170,5,25,7480,7473,7474,7504,7503,1.6763516939924137,0.897229195,1.2763782053866626,0.8928571428571429,0.18518518518518517
171,5,26,7481,7474,7475,7505,7504,1.7921580379917241,0.897229195,1.2695070499599082,0.9285714285714286,0.18518518518518517
172,5,27,7482,7475,7476,7506,7505,1.9079643819910344,0.897229195,1.2591693189205668,0.9642857142857143,0.18518518518518517
173,5,28,7483,7476,7477,7507,7506,2.0237707259903446,0.897229195,1.245219753288494,1.0,0.18518518518518517
174,6,0,7484,7478,7479,7509,7508,-1.2188069059903448,1.000712725,0.9467458035270535,0.0,0.2222222222222222
175,6,1,7485,7479,7480,7510,7509,-1.1030005619910346,1.000712725,1.0265646760788765,0.03571428571428571,0.2222222222222222
176,6,2,7486,7480,7481,7511,7510,-0.9871942179917241,1.000712725,1.086965400929163,0.07142857142857142,0.2222222222222222
177,6,3,7487,7481,7482,7512,7511,-0.8713878739924139,1.000712725,1.1347309374101062,0.10714285714285714,0.2222222222222222
178,6,4,7488,7482,7483,7513,7512,-0.7555815299931035,1.000712725,1.1700514607454837,0.14285714285714285,0.2222222222222222
179,6,5,7489,7483,7484,7514,7513,-0.6397751859937932,1.000712725,1.1898510086098133,0.17857142857142858,0.2222222222222222
180,6,6,7490,7484,7485,7515,7514,-0.5239688419944828,1.000712725,1.196104505383463,0.21428571428571427,0.2222222222222222
181,6,7,7491,7485,7486,7516,7515,-0.40816249799517246,1.000712725,1.1929494472011828,0.25,0.2222222222222222
182,6,8,7492,7486,7487,7517,7516,-0.2923561539958621,1.000712725,1.181382921563642,0.2857142857142857,0.2222222222222222
183,6,9,7493,7487,7488,7518,7517,-0.1765498099965518,1.000712725,1.1614380678789347,0.32142857142857145,0.2222222222222222
184,6,10,7494,7488,7489,7519,7518,-0.06074346599724145,1.000712725,1.136240132150773,0.35714285714285715,0.2222222222222222
185,6,11,7495,7489,7490,7520,7519,0.05506287800206888,1.000712725,1.112680329324174,0.39285714285714285,0.2222222222222222
186,6,12,7496,7490,7491,7521,7520,0.17086922200137922,1.000712725,1.0986749790156094,0.42857142857142855,0.2222222222222222
187,6,13,7497,7491,7492,7522,7521,0.28667556600068955,1.000712725,1.0997662420364096,0.4642857142857143,0.2222222222222222
188,6,14,7498,7492,7493,7523,7522,0.4024819099999999,1.000712725,1.117390411704056,0.5,0.2222222222222222
189,6,15,7499,7493,7494,7524,7523,0.5182882539993102,1.000712725,1.145978986628023,0.5357142857142857,0.2222222222222222
190,6,16,7500,7494,7495,7525,7524,0.6340945979986204,1.000712725,1.1772341580099428,0.5714285714285714,0.2222222222222222
191,6,17,7501,7495,7496,7526,7525,0.7499009419979309,1.000712725,1.2071457045938296,0.6071428571428571,0.2222222222222222
192,6,18,7502,7496,7497,7527,7526,0.8657072859972412,1.000712725,1.2338278653177754,0.6428571428571429,0.2222222222222222
193,6,19,7503,7497,7498,7528,7527,0.9815136299965515,1.000712725,1.255260560809444,0.6785714285714286,0.2222222222222222
194,6,20,7504,7498,7499,7529,7528,1.0973199739958617,1.000712725,1.2700150316529921,0.7142857142857143,0.2222222222222222
195,6,21,7505,7499,7500,7530,7529,1.2131263179951721,1.000712725,1.2789430109798312,0.75,0.2222222222222222
196,6,22,7506,7500,7501,7531,7530,1.3289326619944828,1.000712725,1.2840841799539813,0.7857142857142857,0.2222222222222222
197,6,23,7507,7501,7502,7532,7531,1.444739005993793,1.000712725,1.2866563268598796,0.8214285714285714,0.2222222222222222
198,6,24,7508,7502,7503,7533,7532,1.5605453499931032,1.000712725,1.2875435379209428,0.8571428571428571,0.2222222222222222
199,6,25,7509,7503,7504,7534,7533,1.6763516939924137,1.000712725,1.286646272106803,0.8928571428571429,0.2222222222222222
200,6,26,7510,7504,7505,7535,7534,1.7921580379917241,1.000712725,1.2833286540030588,0.9285714285714286,0.2222222222222222
201,6,27,7511,7505,7506,7536,7535,1.9079643819910344,1.000712725,1.2768396995369737,0.9642857142857143,0.2222222222222222
202,6,28,7512,7506,7507,7537,7536,2.0237707259903446,1.000712725,1.266694042538696,1.0,0.2222222222222222
203,7,0,7513,7508,7509,7539,7538,-1.2188069059903448,1.104196255,0.9682191038625413,0.0,0.25925925925925924
204,7,1,7514,7509,7510,7540,7539,-1.1030005619910346,1.104196255,1.0464768655252032,0.03571428571428571,0.25925925925925924
205,7,2,7515,7510,7511,7541,7540,-0.9871942179917241,1.104196255,1.1062523884375342,0.07142857142857142,0.25925925925925924
206,7,3,7516,7511,7512,7542,7541,-0.8713878739924139,1.104196255,1.1524684739962903,0.10714285714285714,0.25925925925925924
207,7,4,7517,7512,7513,7543,7542,-0.7555815299931035,1.104196255,1.1847079911781626,0.14285714285714285,0.25925925925925924
208,7,5,7518,7513,7514,7544,7543,-0.6397751859937932,1.104196255,1.201720468123047,0.17857142857142858,0.25925925925925924
209,7,6,7519,7514,7515,7545,7544,-0.5239688419944828,1.104196255,1.2059872994403906,0.21428571428571427,0.25925925925925924
210,7,7,7520,7515,7516,7546,7545,-0.40816249799517246,1.104196255,1.2012272220319646,0.25,0.25925925925925924
211,7,8,7521,7516,7517,7547,7546,-0.2923561539958621,1.104196255,1.1886141582154015,0.2857142857142857,0.25925925925925924
212,7,9,7522,7517,7518,7548,7547,-0.1765498099965518,1.104196255,1.1684112745296782,0.32142857142857145,0.25925925925925924
213,7,10,7523,7518,7519,7549,7548,-0.06074346599724145,1.104196255,1.1427214568291544,0.35714285714285715,0.25925925925925924
214,7,11,7524,7519,7520,7550,7549,0.05506287800206888,1.104196255,1.117483539596334,0.39285714285714285,0.25925925925925924
215,7,12,7525,7520,7521,7551,7550,0.17086922200137922,1.104196255,1.101337513816897,0.42857142857142855,0.25925925925925924
216,7,13,7526,7521,7522,7552,7551,0.28667556600068955,1.104196255,1.099941657369921,0.4642857142857143,0.25925925925925924
217,7,14,7527,7522,7523,7553,7552,0.4024819099999999,1.104196255,1.114148145088393,0.5,0.25925925925925924
218,7,15,7528,7523,7524,7554,7553,0.5182882539993102,1.104196255,1.1399044902472446,0.5357142857142857,0.25925925925925924
219,7,16,7529,7524,7525,7555,7554,0.6340945979986204,1.104196255,1.1704130184152084,0.5714285714285714,0.25925925925925924
220,7,17,7530,7525,7526,7556,7555,0.7499009419979309,1.104196255,1.2009656192580764,0.6071428571428571,0.25925925925925924
221,7,18,7531,7526,7527,7557,7556,0.8657072859972412,1.104196255,1.2288567991592616,0.6428571428571429,0.25925925925925924
222,7,19,7532,7527,7528,7558,7557,0.9815136299965515,1.104196255,1.25159676828423,0.6785714285714286,0.25925925925925924
223,7,20,7533,7528,7529,7559,7558,1.0973199739958617,1.104196255,1.267882786256511,0.7142857142857143,0.25925925925925924
224,7,21,7534,7529,7530,7560,7559,1.2131263179951721,1.104196255,1.2787938449075853,0.75,0.25925925925925924
225,7,22,7535,7530,7531,7561,7560,1.3289326619944828,1.104196255,1.2856716695725425,0.7857142857142857,0.25925925925925924
226,7,23,7536,7531,7532,7562,7561,1.444739005993793,1.104196255,1.2893168217930495,0.8214285714285714,0.25925925925925924
227,7,24,7537,7532,7533,7563,7562,1.5605453499931032,1.104196255,1.290758104936761,0.8571428571428571,0.25925925925925924
228,7,25,7538,7533,7534,7564,7563,1.6763516939924137,1.104196255,1.2905430554824078,0.8928571428571429,0.25925925925925924
229,7,26,7539,7534,7535,7565,7564,1.7921580379917241,1.104196255,1.2886746236636322,0.9285714285714286,0.25925925925925924
230,7,27,7540,7535,7536,7566,7565,1.9079643819910344,1.104196255,1.2844480694080083,0.9642857142857143,0.25925925925925924
231,7,28,7541,7536,7537,7567,7566,2.0237707259903446,1.104196255,1.2770961938402459,1.0,0.25925925925925924
232,8,0,7542,7538,7539,7569,7568,-1.2188069059903448,1.2076797849999998,0.9860563079981973,0.0,0.2962962962962963
233,8,1,7543,7539,7540,7570,7569,-1.1030005619910346,1.2076797849999998,1.063303383209018,0.03571428571428571,0.2962962962962963
234,8,2,7544,7540,7541,7571,7570,-0.9871942179917241,1.2076797849999998,1.1226124326826843,0.07142857142857142,0.2962962962962963
235,8,3,7545,7541,7542,7572,7571,-0.8713878739924139,1.2076797849999998,1.1671115489524713,0.10714285714285714,0.2962962962962963
236,8,4,7546,7542,7543,7573,7572,-0.7555815299931035,1.2076797849999998,1.1962377103682456,0.14285714285714285,0.2962962962962963
237,8,5,7547,7543,7544,7574,7573,-0.6397751859937932,1.2076797849999998,1.2103909152089412,0.17857142857142858,0.2962962962962963
238,8,6,7548,7544,7545,7575,7574,-0.5239688419944828,1.2076797849999998,1.2124658033981721,0.21428571428571427,0.2962962962962963
239,8,7,7549,7545,7546,7576,7575,-0.40816249799517246,1.2076797849999998,1.2058829233845607,0.25,0.2962962962962963
240,8,8,7550,7546,7547,7577,7576,-0.2923561539958621,1.2076797849999998,1.1926295521517016,0.2857142857142857,0.2962962962962963
241,8,9,7551,7547,7548,7578,7577,-0.1765498099965518,1.2076797849999998,1.17280626376381,0.32142857142857145,0.2962962962962963
242,8,10,7552,7548,7549,7579,7578,-0.06074346599724145,1.2076797849999998,1.14672263156076,0.35714285714285715,0.2962962962962963
243,8,11,7553,7549,7550,7580,7579,0.05506287800206888,1.2076797849999998,1.11917492079706,0.39285714285714285,0.2962962962962963
244,8,12,7554,7550,7551,7581,7580,0.17086922200137922,1.2076797849999998,1.0998678460705724,0.42857142857142855,0.2962962962962963
245,8,13,7555,7551,7552,7582,7581,0.28667556600068955,1.2076797849999998,1.0950975221352586,0.4642857142857143,0.2962962962962963
246,8,14,7556,7552,7553,7583,7582,0.4024819099999999,1.2076797849999998,1.1052384986096206,0.5,0.2962962962962963
247,8,15,7557,7553,7554,7584,7583,0.5182882539993102,1.2076797849999998,1.1273916244168665,0.5357142857142857,0.2962962962962963
248,8,16,7558,7554,7555,7585,7584,0.6340945979986204,1.2076797849999998,1.1561334001774746,0.5714285714285714,0.2962962962962963
249,8,17,7559,7555,7556,7586,7585,0.7499009419979309,1.2076797849999998,1.1868918378985194,0.6071428571428571,0.2962962962962963
250,8,18,7560,7556,7557,7587,7586,0.8657072859972412,1.2076797849999998,1.216136600027774,0.6428571428571429,0.2962962962962963
251,8,19,7561,7557,7558,7588,7587,0.9815136299965515,1.2076797849999998,1.2404751878576221,0.6785714285714286,0.2962962962962963
252,8,20,7562,7558,7559,7589,7588,1.0973199739958617,1.2076797849999998,1.258255264627866,0.7142857142857143,0.2962962962962963
253,8,21,7563,7559,7560,7590,7589,1.2131263179951721,1.2076797849999998,1.270797587770992,0.75,0.2962962962962963
254,8,22,7564,7560,7561,7591,7590,1.3289326619944828,1.2076797849999998,1.279614911957759,0.7857142857142857,0.2962962962962963
255,8,23,7565,7561,7562,7592,7591,1.444739005993793,1.2076797849999998,1.2852836670770493,0.8214285714285714,0.2962962962962963
256,8,24,7566,7562,7563,7593,7592,1.5605453499931032,1.2076797849999998,1.2883188156293999,0.8571428571428571,0.2962962962962963
257,8,25,7567,7563,7564,7594,7593,1.6763516939924137,1.2076797849999998,1.2891854770323574,0.8928571428571429,0.2962962962962963
258,8,26,7568,7564,7565,7595,7594,1.7921580379917241,1.2076797849999998,1.288178663712535,0.9285714285714286,0.2962962962962963
259,8,27,7569,7565,7566,7596,7595,1.9079643819910344,1.2076797849999998,1.284970921354036,0.9642857142857143,0.2962962962962963
260,8,28,7570,7566,7567,7597,7596,2.0237707259903446,1.2076797849999998,1.2791595296771425,1.0,0.2962962962962963
261,9,0,7571,7568,7569,7599,7598,-1.2188069059903448,1.311163315,1.0014613477271026,0.0,0.3333333333333333
262,9,1,7572,7569,7570,7600,7599,-1.1030005619910346,1.311163315,1.0771700900282704,0.03571428571428571,0.3333333333333333
263,9,2,7573,7570,7571,7601,7600,-0.9871942179917241,1.311163315,1.1356178473513832,0.07142857142857142,0.3333333333333333
264,9,3,7574,7571,7572,7602,7601,-0.8713878739924139,1.311163315,1.1777444887286643,0.10714285714285714,0.3333333333333333
265,9,4,7575,7572,7573,7603,7602,-0.7555815299931035,1.311163315,1.2039471203382286,0.14285714285714285,0.3333333333333333
266,9,5,7576,7573,7574,7604,7603,-0.6397751859937932,1.311163315,1.2159172603687467,0.17857142857142858,0.3333333333333333
267,9,6,7577,7574,7575,7605,7604,-0.5239688419944828,1.311163315,1.2163232531352999,0.21428571428571427,0.3333333333333333
268,9,7,7578,7575,7576,7606,7605,-0.40816249799517246,1.311163315,1.2082437800356187,0.25,0.3333333333333333
269,9,8,7579,7576,7577,7607,7606,-0.2923561539958621,1.311163315,1.1943815033195684,0.2857142857142857,0.3333333333333333
270,9,9,7580,7577,7578,7608,7607,-0.1765498099965518,1.311163315,1.1748457050721721,0.32142857142857145,0.3333333333333333
271,9,10,7581,7578,7579,7609,7608,-0.06074346599724145,1.311163315,1.1489498918947103,0.35714285714285715,0.3333333333333333
272,9,11,7582,7579,7580,7610,7609,0.05506287800206888,1.311163315,1.1204861828190076,0.39285714285714285,0.3333333333333333
273,9,12,7583,7580,7581,7611,7610,0.17086922200137922,1.311163315,1.0982780321444832,0.42857142857142855,0.3333333333333333
274,9,13,7584,7581,7582,7612,7611,0.28667556600068955,1.311163315,1.0893393176106447,0.4642857142857143,0.3333333333333333
275,9,14,7585,7582,7583,7613,7612,0.4024819099999999,1.311163315,1.0954575118735184,0.5,0.3333333333333333
276,9,15,7586,7583,7584,7614,7613,0.5182882539993102,1.311163315,1.1139224973859392,0.5357142857142857,0.3333333333333333
277,9,16,7587,7584,7585,7615,7614,0.6340945979986204,1.311163315,1.139733736079278,0.5714285714285714,0.3333333333333333
278,9,17,7588,7585,7586,7616,7615,0.7499009419979309,1.311163315,1.169153526689678,0.6071428571428571,0.3333333333333333
279,9,18,7589,7586,7587,7617,7616,0.8657072859972412,1.311163315,1.198685821513456,0.6428571428571429,0.3333333333333333
280,9,19,7590,7587,7588,7618,7617,0.9815136299965515,1.311163315,1.2246688537257002,0.6785714285714286,0.3333333333333333
281,9,20,7591,7588,7589,7619,7618,1.0973199739958617,1.311163315,1.2443175315637798,0.7142857142857143,0.3333333333333333
282,9,21,7592,7589,7590,7620,7619,1.2131263179951721,1.311163315,1.2580085455525114,0.75,0.3333333333333333
283,9,22,7593,7590,7591,7621,7620,1.3289326619944828,1.311163315,1.2676959234320755,0.7857142857142857,0.3333333333333333
284,9,23,7594,7591,7592,7622,7621,1.444739005993793,1.311163315,1.2746541978979575,0.8214285714285714,0.3333333333333333
285,9,24,7595,7592,7593,7623,7622,1.5605453499931032,1.311163315,1.2794098145464703,0.8571428571428571,0.3333333333333333
286,9,25,7596,7593,7594,7624,7623,1.6763516939924137,1.311163315,1.2819025587871693,0.8928571428571429,0.3333333333333333
287,9,26,7597,7594,7595,7625,7624,1.7921580379917241,1.311163315,1.2820599074788395,0.9285714285714286,0.3333333333333333
288,9,27,7598,7595,7596,7626,7625,1.9079643819910344,1.311163315,1.279766151174005,0.9642857142857143,0.3333333333333333
289,9,28,7599,7596,7597,7627,7626,2.0237707259903446,1.311163315,1.275042761007536,1.0,0.3333333333333333
290,10,0,7600,7598,7599,7629,7628,-1.2188069059903448,1.414646845,1.0142654176405987,0.0,0.37037037037037035
291,10,1,7601,7599,7600,7630,7629,-1.1030005619910346,1.414646845,1.0886100424762153,0.03571428571428571,0.37037037037037035
292,10,2,7602,7600,7601,7631,7630,-0.9871942179917241,1.414646845,1.145612941924313,0.07142857142857142,0.37037037037037035
293,10,3,7603,7601,7602,7632,7631,-0.8713878739924139,1.414646845,1.1848555309110016,0.10714285714285714,0.37037037037037035
294,10,4,7604,7602,7603,7633,7632,-0.7555815299931035,1.414646845,1.2083625473196768,0.14285714285714285,0.37037037037037035
295,10,5,7605,7603,7604,7634,7633,-0.6397751859937932,1.414646845,1.218936994986412,0.17857142857142858,0.37037037037037035
296,10,6,7606,7604,7605,7635,7634,-0.5239688419944828,1.414646845,1.2185979839083405,0.21428571428571427,0.37037037037037035
297,10,7,7607,7605,7606,7636,7635,-0.40816249799517246,1.414646845,1.2096314270470365,0.25,0.37037037037037035
298,10,8,7608,7606,7607,7637,7636,-0.2923561539958621,1.414646845,1.1945693974198548,0.2857142857142857,0.37037037037037035
299,10,9,7609,7607,7608,7638,7637,-0.1765498099965518,1.414646845,1.174302686763296,0.32142857142857145,0.37037037037037035
300,10,10,7610,7608,7609,7639,7638,-0.06074346599724145,1.414646845,1.1489228031340162,0.35714285714285715,0.37037037037037035
301,10,11,7611,7609,7610,7640,7639,0.05506287800206888,1.414646845,1.1212084364251822,0.39285714285714285,0.37037037037037035
302,10,12,7612,7610,7611,7641,7640,0.17086922200137922,1.414646845,1.0973140959366756,0.42857142857142855,0.37037037037037035
303,10,13,7613,7611,7612,7642,7641,0.28667556600068955,1.414646845,1.0848308544785197,0.4642857142857143,0.37037037037037035
304,10,14,7614,7612,7613,7643,7642,0.4024819099999999,1.414646845,1.087518319943189,0.5,0.37037037037037035
305,10,15,7615,7613,7614,7644,7643,0.5182882539993102,1.414646845,1.1022241676813378,0.5357142857142857,0.37037037037037035
306,10,16,7616,7614,7615,7645,7644,0.6340945979986204,1.414646845,1.124256898307964,0.5714285714285714,0.37037037037037035
307,10,17,7617,7615,7616,7646,7645,0.7499009419979309,1.414646845,1.150886257595352,0.6071428571428571,0.37037037037037035
308,10,18,7618,7616,7617,7647,7646,0.8657072859972412,1.414646845,1.1793960870808133,0.6428571428571429,0.37037037037037035
309,10,19,7619,7617,7618,7648,7647,0.9815136299965515,1.414646845,1.2060624962006408,0.6785714285714286,0.37037037037037035
310,10,20,7620,7618,7619,7649,7648,1.0973199739958617,1.414646845,1.2271013104064525,0.7142857142857143,0.37037037037037035
311,10,21,7621,7619,7620,7650,7649,1.2131263179951721,1.414646845,1.2418876018154155,0.75,0.37037037037037035
312,10,22,7622,7620,7621,7651,7650,1.3289326619944828,1.414646845,1.2521986559920286,0.7857142857142857,0.37037037037037035
313,10,23,7623,7621,7622,7652,7651,1.444739005993793,1.414646845,1.2596729205923154,0.8214285714285714,0.37037037037037035
314,10,24,7624,7622,7623,7653,7652,1.5605453499931032,1.414646845,1.2652589491439827,0.8571428571428571,0.37037037037037035
315,10,25,7625,7623,7624,7654,7653,1.6763516939924137,1.414646845,1.268913632695138,0.8928571428571429,0.37037037037037035
316,10,26,7626,7624,7625,7655,7654,1.7921580379917241,1.414646845,1.27004213242187,0.9285714285714286,0.37037037037037035
317,10,27,7627,7625,7626,7656,7655,1.9079643819910344,1.414646845,1.2684408500040305,0.9642857142857143,0.37037037037037035
318,10,28,7628,7626,7627,7657,7656,2.0237707259903446,1.414646845,1.2645161812021632,1.0,0.37037037037037035
319,11,0,7629,7628,7629,7659,7658,-1.2188069059903448,1.5181303750000001,1.0239729714997519,0.0,0.4074074074074074
320,11,1,7630,7629,7630,7660,7659,-1.1030005619910346,1.5181303750000001,1.0978655818480645,0.03571428571428571,0.4074074074074074
321,11,2,7631,7630,7631,7661,7660,-0.9871942179917241,1.5181303750000001,1.1528709331128992,0.07142857142857142,0.4074074074074074
322,11,3,7632,7631,7632,7662,7661,-0.8713878739924139,1.5181303750000001,1.1890064179376028,0.10714285714285714,0.4074074074074074
323,11,4,7633,7632,7633,7663,7662,-0.7555815299931035,1.5181303750000001,1.210302083033326,0.14285714285714285,0.4074074074074074
324,11,5,7634,7633,7634,7664,7663,-0.6397751859937932,1.5181303750000001,1.2201241721425584,0.17857142857142858,0.4074074074074074
325,11,6,7635,7634,7635,7665,7664,-0.5239688419944828,1.5181303750000001,1.219596602144216,0.21428571428571427,0.4074074074074074
326,11,7,7636,7635,7636,7666,7665,-0.40816249799517246,1.5181303750000001,1.2097395369374215,0.25,0.4074074074074074
327,11,8,7637,7636,7637,7667,7666,-0.2923561539958621,1.5181303750000001,1.1926249378311176,0.2857142857142857,0.4074074074074074
328,11,9,7638,7637,7638,7668,7667,-0.1765498099965518,1.5181303750000001,1.1705877255358035,0.32142857142857145,0.4074074074074074
329,11,10,7639,7638,7639,7669,7668,-0.06074346599724145,1.5181303750000001,1.1451819815593118,0.35714285714285715,0.4074074074074074
330,11,11,7640,7639,7640,7670,7669,0.05506287800206888,1.5181303750000001,1.1182834863134476,0.39285714285714285,0.4074074074074074
331,11,12,7641,7640,7641,7671,7670,0.17086922200137922,1.5181303750000001,1.0943096187800478,0.42857142857142855,0.4074074074074074
332,11,13,7642,7641,7642,7672,7671,0.28667556600068955,1.5181303750000001,1.0806984887435438,0.4642857142857143,0.4074074074074074
333,11,14,7643,7642,7643,7673,7672,0.4024819099999999,1.5181303750000001,1.0812235297399069,0.5,0.4074074074074074
334,11,15,7644,7643,7644,7674,7673,0.5182882539993102,1.5181303750000001,1.0922560743207301,0.5357142857142857,0.4074074074074074
335,11,16,7645,7644,7645,7675,7674,0.6340945979986204,1.5181303750000001,1.109937276283996,0.5714285714285714,0.4074074074074074
336,11,17,7646,7645,7646,7676,7675,0.7499009419979309,1.5181303750000001,1.1330940099289686,0.6071428571428571,0.4074074074074074
337,11,18,7647,7646,7647,7677,7676,0.8657072859972412,1.5181303750000001,1.1595975758031822,0.6428571428571429,0.4074074074074074
338,11,19,7648,7647,7648,7678,7677,0.9815136299965515,1.5181303750000001,1.1852722679004106,0.6785714285714286,0.4074074074074074
339,11,20,7649,7648,7649,7679,7678,1.0973199739958617,1.5181303750000001,1.2062182703749382,0.7142857142857143,0.4074074074074074
340,11,21,7650,7649,7650,7680,7679,1.2131263179951721,1.5181303750000001,1.221710515489265,0.75,0.4074074074074074
341,11,22,7651,7650,7651,7681,7680,1.3289326619944828,1.5181303750000001,1.2329369811836877,0.7857142857142857,0.4074074074074074
342,11,23,7652,7651,7652,7682,7681,1.444739005993793,1.5181303750000001,1.2408901760407165,0.8214285714285714,0.4074074074074074
343,11,24,7653,7652,7653,7683,7682,1.5605453499931032,1.5181303750000001,1.2466845554834862,0.8571428571428571,0.4074074074074074
344,11,25,7654,7653,7654,7684,7683,1.6763516939924137,1.5181303750000001,1.2505835204800981,0.8928571428571429,0.4074074074074074
345,11,26,7655,7654,7655,7685,7684,1.7921580379917241,1.5181303750000001,1.251813752676047,0.9285714285714286,0.4074074074074074
346,11,27,7656,7655,7656,7686,7685,1.9079643819910344,1.5181303750000001,1.2502593625073812,0.9642857142857143,0.4074074074074074
347,11,28,7657,7656,7657,7687,7686,2.0237707259903446,1.5181303750000001,1.2465377704191318,1.0,0.4074074074074074
348,12,0,7658,7658,7659,7689,7688,-1.2188069059903448,1.6216139049999998,1.0302227540160898,0.0,0.4444444444444444
349,12,1,7659,7659,7660,7690,7689,-1.1030005619910346,1.6216139049999998,1.1034187861150013,0.03571428571428571,0.4444444444444444
350,12,2,7660,7660,7661,7691,7690,-0.9871942179917241,1.6216139049999998,1.1565456815456676,0.07142857142857142,0.4444444444444444
351,12,3,7661,7661,7662,7692,7691,-0.8713878739924139,1.6216139049999998,1.1900995929452673,0.10714285714285714,0.4444444444444444
352,12,4,7662,7662,7663,7693,7692,-0.7555815299931035,1.6216139049999998,1.2100705880304445,0.14285714285714285,0.4444444444444444
353,12,5,7663,7663,7664,7694,7693,-0.6397751859937932,1.6216139049999998,1.2198119473975142,0.17857142857142858,0.4444444444444444
354,12,6,7664,7664,7665,7695,7694,-0.5239688419944828,1.6216139049999998,1.2193425046536122,0.21428571428571427,0.4444444444444444
355,12,7,7665,7665,7666,7696,7695,-0.40816249799517246,1.6216139049999998,1.2082017557833566,0.25,0.4444444444444444
356,12,8,7666,7666,7667,7697,7696,-0.2923561539958621,1.6216139049999998,1.1884154120835015,0.2857142857142857,0.4444444444444444
357,12,9,7667,7667,7668,7698,7697,-0.1765498099965518,1.6216139049999998,1.164351163692578,0.32142857142857145,0.4444444444444444
358,12,10,7668,7668,7669,7699,7698,-0.06074346599724145,1.6216139049999998,1.1385357070629132,0.35714285714285715,0.4444444444444444
359,12,11,7669,7669,7670,7700,7699,0.05506287800206888,1.6216139049999998,1.1122200419533494,0.39285714285714285,0.4444444444444444
360,12,12,7670,7670,7671,7701,7700,0.17086922200137922,1.6216139049999998,1.0891213829521718,0.42857142857142855,0.4444444444444444
361,12,13,7671,7671,7672,7702,7701,0.28667556600068955,1.6216139049999998,1.0757728971832097,0.4642857142857143,0.4444444444444444
362,12,14,7672,7672,7673,7703,7702,0.4024819099999999,1.6216139049999998,1.0746148038618242,0.5,0.4444444444444444
363,12,15,7673,7673,7674,7704,7703,0.5182882539993102,1.6216139049999998,1.0818902171738627,0.5357142857142857,0.4444444444444444
364,12,16,7674,7674,7675,7705,7704,0.6340945979986204,1.6216139049999998,1.095395217447792,0.5714285714285714,0.4444444444444444
365,12,17,7675,7675,7676,7706,7705,0.7499009419979309,1.6216139049999998,1.1154384797672918,0.6071428571428571,0.4444444444444444
366,12,18,7676,7676,7677,7707,7706,0.8657072859972412,1.6216139049999998,1.1396434164127813,0.6428571428571429,0.4444444444444444
367,12,19,7677,7677,7678,7708,7707,0.9815136299965515,1.6216139049999998,1.1632451380571573,0.6785714285714286,0.4444444444444444
368,12,20,7678,7678,7679,7709,7708,1.0973199739958617,1.6216139049999998,1.182810523654573,0.7142857142857143,0.4444444444444444
369,12,21,7679,7679,7680,7710,7709,1.2131263179951721,1.6216139049999998,1.1978807989623448,0.75,0.4444444444444444
370,12,22,7680,7680,7681,7711,7710,1.3289326619944828,1.6216139049999998,1.2095454168858635,0.7857142857142857,0.4444444444444444
371,12,23,7681,7681,7682,7712,7711,1.444739005993793,1.6216139049999998,1.2179927887272157,0.8214285714285714,0.4444444444444444
372,12,24,7682,7682,7683,7713,7712,1.5605453499931032,1.6216139049999998,1.2235590875820364,0.8571428571428571,0.4444444444444444
373,12,25,7683,7683,7684,7714,7713,1.6763516939924137,1.6216139049999998,1.2267574736770297,0.8928571428571429,0.4444444444444444
374,12,26,7684,7684,7685,7715,7714,1.7921580379917241,1.6216139049999998,1.2271537430046515,0.9285714285714286,0.4444444444444444
375,12,27,7685,7685,7686,7716,7715,1.9079643819910344,1.6216139049999998,1.224833809182266,0.9642857142857143,0.4444444444444444
376,12,28,7686,7686,7687,7717,7716,2.0237707259903446,1.6216139049999998,1.220408418853542,1.0,0.4444444444444444
377,13,0,7687,7688,7689,7719,7718,-1.2188069059903448,1.725097435,1.0331726822180962,0.0,0.48148148148148145
378,13,1,7688,7689,7690,7720,7719,-1.1030005619910346,1.725097435,1.104296303499336,0.03571428571428571,0.48148148148148145
379,13,2,7689,7690,7691,7721,7720,-0.9871942179917241,1.725097435,1.1556750069863249,0.07142857142857142,0.48148148148148145
380,13,3,7690,7691,7692,7722,7721,-0.8713878739924139,1.725097435,1.1884307857318648,0.10714285714285714,0.48148148148148145
381,13,4,7691,7692,7693,7723,7722,-0.7555815299931035,1.725097435,1.2084369075326342,0.14285714285714285,0.48148148148148145
382,13,5,7692,7693,7694,7724,7723,-0.6397751859937932,1.725097435,1.2183390953091655,0.17857142857142858,0.48148148148148145
383,13,6,7693,7694,7695,7725,7724,-0.5239688419944828,1.725097435,1.2175306950835834,0.21428571428571427,0.48148148148148145
384,13,7,7694,7695,7696,7726,7725,-0.40816249799517246,1.725097435,1.204825352375384,0.25,0.48148148148148145
385,13,8,7695,7696,7697,7727,7726,-0.2923561539958621,1.725097435,1.1825105814188757,0.2857142857142857,0.48148148148148145
386,13,9,7696,7697,7698,7728,7727,-0.1765498099965518,1.725097435,1.1568385743268743,0.32142857142857145,0.48148148148148145
387,13,10,7697,7698,7699,7729,7728,-0.06074346599724145,1.725097435,1.1308785193148314,0.35714285714285715,0.48148148148148145
388,13,11,7698,7699,7700,7730,7729,0.05506287800206888,1.725097435,1.1053121176329808,0.39285714285714285,0.48148148148148145
389,13,12,7699,7700,7701,7731,7730,0.17086922200137922,1.725097435,1.0833108534109122,0.42857142857142855,0.48148148148148145
390,13,13,7700,7701,7702,7732,7731,0.28667556600068955,1.725097435,1.0699407159549814,0.4642857142857143,0.48148148148148145
391,13,14,7701,7702,7703,7733,7732,0.4024819099999999,1.725097435,1.0665460128670812,0.5,0.48148148148148145
392,13,15,7702,7703,7704,7734,7733,0.5182882539993102,1.725097435,1.0699277082762926,0.5357142857142857,0.48148148148148145
393,13,16,7703,7704,7705,7735,7734,0.6340945979986204,1.725097435,1.0796501481677334,0.5714285714285714,0.48148148148148145
394,13,17,7704,7705,7706,7736,7735,0.7499009419979309,1.725097435,1.0971584688851466,0.6071428571428571,0.48148148148148145
395,13,18,7705,7706,7707,7737,7736,0.8657072859972412,1.725097435,1.1192225950099521,0.6428571428571429,0.48148148148148145
396,13,19,7706,7707,7708,7738,7737,0.9815136299965515,1.725097435,1.1404667432583493,0.6785714285714286,0.48148148148148145
397,13,20,7707,7708,7709,7739,7738,1.0973199739958617,1.725097435,1.1581077608040853,0.7142857142857143,0.48148148148148145
398,13,21,7708,7709,7710,7740,7739,1.2131263179951721,1.725097435,1.1716077147036257,0.75,0.48148148148148145
399,13,22,7709,7710,7711,7741,7740,1.3289326619944828,1.725097435,1.1821074476160103,0.7857142857142857,0.48148148148148145
400,13,23,7710,7711,7712,7742,7741,1.444739005993793,1.725097435,1.1901581240106485,0.8214285714285714,0.48148148148148145
401,13,24,7711,7712,7713,7743,7742,1.5605453499931032,1.725097435,1.1952710278621943,0.8571428571428571,0.48148148148148145
402,13,25,7712,7713,7714,7744,7743,1.6763516939924137,1.725097435,1.197408716455237,0.8928571428571429,0.48148148148148145
403,13,26,7713,7714,7715,7745,7744,1.7921580379917241,1.725097435,1.196344683473795,0.9285714285714286,0.48148148148148145
404,13,27,7714,7715,7716,7746,7745,1.9079643819910344,1.725097435,1.192613876952076,0.9642857142857143,0.48148148148148145
405,13,28,7715,7716,7717,7747,7746,2.0237707259903446,1.725097435,1.186719189646461,1.0,0.48148148148148145
406,14,0,7716,7718,7719,7749,7748,-1.2188069059903448,1.828580965,1.0330596437830946,0.0,0.5185185185185185
407,14,1,7717,7719,7720,7750,7749,-1.1030005619910346,1.828580965,1.1019787378532415,0.03571428571428571,0.5185185185185185
408,14,2,7718,7720,7721,7751,7750,-0.9871942179917241,1.828580965,1.1519896516536132,0.07142857142857142,0.5185185185185185
409,14,3,7719,7721,7722,7752,7751,-0.8713878739924139,1.828580965,1.1850378804598005,0.10714285714285714,0.5185185185185185
410,14,4,7720,7722,7723,7753,7752,-0.7555815299931035,1.828580965,1.2058941214510166,0.14285714285714285,0.5185185185185185
411,14,5,7721,7723,7724,7754,7753,-0.6397751859937932,1.828580965,1.215735917317649,0.17857142857142858,0.5185185185185185
412,14,6,7722,7724,7725,7755,7754,-0.5239688419944828,1.828580965,1.2136907618926878,0.21428571428571427,0.5185185185185185
413,14,7,7723,7725,7726,7756,7755,-0.40816249799517246,1.828580965,1.1996435896052005,0.25,0.5185185185185185
414,14,8,7724,7726,7727,7757,7756,-0.2923561539958621,1.828580965,1.1763238600902883,0.2857142857142857,0.5185185185185185
415,14,9,7725,7727,7728,7758,7757,-0.1765498099965518,1.828580965,1.1497320772577766,0.32142857142857145,0.5185185185185185
416,14,10,7726,7728,7729,7759,7758,-0.06074346599724145,1.828580965,1.1232301377036087,0.35714285714285715,0.5185185185185185
417,14,11,7727,7729,7730,7760,7759,0.05506287800206888,1.828580965,1.0980607080024023,0.39285714285714285,0.5185185185185185
418,14,12,7728,7730,7731,7761,7760,0.17086922200137922,1.828580965,1.0768804048813796,0.42857142857142855,0.5185185185185185
419,14,13,7729,7731,7732,7762,7761,0.28667556600068955,1.828580965,1.0627804810403672,0.4642857142857143,0.5185185185185185
420,14,14,7730,7732,7733,7763,7762,0.4024819099999999,1.828580965,1.0569080397816217,0.5,0.5185185185185185
421,14,15,7731,7733,7734,7764,7763,0.5182882539993102,1.828580965,1.0573358659840193,0.5357142857142857,0.5185185185185185
422,14,16,7732,7734,7735,7765,7764,0.6340945979986204,1.828580965,1.0637838140809845,0.5714285714285714,0.5185185185185185
423,14,17,7733,7735,7736,7766,7765,0.7499009419979309,1.828580965,1.07815351068554,0.6071428571428571,0.5185185185185185
424,14,18,7734,7736,7737,7767,7766,0.8657072859972412,1.828580965,1.0974533087023624,0.6428571428571429,0.5185185185185185
425,14,19,7735,7737,7738,7768,7767,0.9815136299965515,1.828580965,1.1163416256321432,0.6785714285714286,0.5185185185185185
426,14,20,7736,7738,7739,7769,7768,1.0973199739958617,1.828580965,1.132402394177544,0.7142857142857143,0.5185185185185185
427,14,21,7737,7739,7740,7770,7769,1.2131263179951721,1.828580965,1.1442377184357362,0.75,0.5185185185185185
428,14,22,7738,7740,7741,7771,7770,1.3289326619944828,1.828580965,1.1522969105958025,0.7857142857142857,0.5185185185185185
429,14,23,7739,7741,7742,7772,7771,1.444739005993793,1.828580965,1.1582499016944494,0.8214285714285714,0.5185185185185185
430,14,24,7740,7742,7743,7773,7772,1.5605453499931032,1.828580965,1.1620993967623718,0.8571428571428571,0.5185185185185185
431,14,25,7741,7743,7744,7774,7773,1.6763516939924137,1.828580965,1.16316145236451,0.8928571428571429,0.5185185185185185
432,14,26,7742,7744,7745,7775,7774,1.7921580379917241,1.828580965,1.1603730897777802,0.9285714285714286,0.5185185185185185
433,14,27,7743,7745,7746,7776,7775,1.9079643819910344,1.828580965,1.1546195409318545,0.9642857142857143,0.5185185185185185
434,14,28,7744,7746,7747,7777,7776,2.0237707259903446,1.828580965,1.1472332974936272,1.0,0.5185185185185185
435,15,0,7745,7748,7749,7779,7778,-1.2188069059903448,1.932064495,1.031420675475762,0.0,0.5555555555555556
436,15,1,7746,7749,7750,7780,7779,-1.1030005619910346,1.932064495,1.0989520626144667,0.03571428571428571,0.5555555555555556
437,15,2,7747,7750,7751,7781,7780,-0.9871942179917241,1.932064495,1.1480118993430684,0.07142857142857142,0.5555555555555556
438,15,3,7748,7751,7752,7782,7781,-0.8713878739924139,1.932064495,1.181213450110684,0.10714285714285714,0.5555555555555556
439,15,4,7749,7752,7753,7783,7782,-0.7555815299931035,1.932064495,1.2023431234631343,0.14285714285714285,0.5555555555555556
440,15,5,7750,7753,7754,7784,7783,-0.6397751859937932,1.932064495,1.2115273192414673,0.17857142857142858,0.5555555555555556
441,15,6,7751,7754,7755,7785,7784,-0.5239688419944828,1.932064495,1.208141005289194,0.21428571428571427,0.5555555555555556
442,15,7,7752,7755,7756,7786,7785,-0.40816249799517246,1.932064495,1.1935193507491806,0.25,0.5555555555555556
443,15,8,7753,7756,7757,7787,7786,-0.2923561539958621,1.932064495,1.1704690682537244,0.2857142857142857,0.5555555555555556
444,15,9,7754,7757,7758,7788,7787,-0.1765498099965518,1.932064495,1.143280773285265,0.32142857142857145,0.5555555555555556
445,15,10,7755,7758,7759,7789,7788,-0.06074346599724145,1.932064495,1.1154253813290627,0.35714285714285715,0.5555555555555556
446,15,11,7756,7759,7760,7790,7789,0.05506287800206888,1.932064495,1.0895627617787924,0.39285714285714285,0.5555555555555556
447,15,12,7757,7760,7761,7791,7790,0.17086922200137922,1.932064495,1.0684420724069543,0.42857142857142855,0.5555555555555556
448,15,13,7758,7761,7762,7792,7791,0.28667556600068955,1.932064495,1.05380308292112,0.4642857142857143,0.5555555555555556
449,15,14,7759,7762,7763,7793,7792,0.4024819099999999,1.932064495,1.0463281599613181,0.5,0.5555555555555556
450,15,15,7760,7763,7764,7794,7793,0.5182882539993102,1.932064495,1.0450445496247338,0.5357142857142857,0.5555555555555556
451,15,16,7761,7764,7765,7795,7794,0.6340945979986204,1.932064495,1.0483900300484428,0.5714285714285714,0.5555555555555556
452,15,17,7762,7765,7766,7796,7795,0.7499009419979309,1.932064495,1.0577085361737162,0.6071428571428571,0.5555555555555556
453,15,18,7763,7766,7767,7797,7796,0.8657072859972412,1.932064495,1.072877349750001,0.6428571428571429,0.5555555555555556
454,15,19,7764,7767,7768,7798,7797,0.9815136299965515,1.932064495,1.0897269577054467,0.6785714285714286,0.5555555555555556
455,15,20,7765,7768,7769,7799,7798,1.0973199739958617,1.932064495,1.1050068000623456,0.7142857142857143,0.5555555555555556
456,15,21,7766,7769,7770,7800,7799,1.2131263179951721,1.932064495,1.1165014847825911,0.75,0.5555555555555556
457,15,22,7767,7770,7771,7801,7800,1.3289326619944828,1.932064495,1.1226979775156327,0.7857142857142857,0.5555555555555556
458,15,23,7768,7771,7772,7802,7801,1.444739005993793,1.932064495,1.125003348603429,0.8214285714285714,0.5555555555555556
459,15,24,7769,7772,7773,7803,7802,1.5605453499931032,1.932064495,1.1252875037191736,0.8571428571428571,0.5555555555555556
460,15,25,7770,7773,7774,7804,7803,1.6763516939924137,1.932064495,1.1241898396532095,0.8928571428571429,0.5555555555555556
461,15,26,7771,7774,7775,7805,7804,1.7921580379917241,1.932064495,1.119312169809639,0.9285714285714286,0.5555555555555556
462,15,27,7772,7775,7776,7806,7805,1.9079643819910344,1.932064495,1.1103022523232942,0.9642857142857143,0.5555555555555556
463,15,28,7773,7776,7777,7807,7806,2.0237707259903446,1.932064495,1.100518913941188,1.0,0.5555555555555556
464,16,0,7774,7778,7779,7809,7808,-1.2188069059903448,2.035548025,1.0288174134187793,0.0,0.5925925925925926
465,16,1,7775,7779,7780,7810,7809,-1.1030005619910346,2.035548025,1.0956742123080978,0.03571428571428571,0.5925925925925926
466,16,2,7776,7780,7781,7811,7810,-0.9871942179917241,2.035548025,1.144048850577482,0.07142857142857142,0.5925925925925926
467,16,3,7777,7781,7782,7812,7811,-0.8713878739924139,2.035548025,1.1771807656252973,0.10714285714285714,0.5925925925925926
468,16,4,7778,7782,7783,7813,7812,-0.7555815299931035,2.035548025,1.1977308809187164,0.14285714285714285,0.5925925925925926
469,16,5,7779,7783,7784,7814,7813,-0.6397751859937932,2.035548025,1.205634885945475,0.17857142857142858,0.5925925925925926
470,16,6,7780,7784,7785,7815,7814,-0.5239688419944828,2.035548025,1.2012632610266694,0.21428571428571427,0.5925925925925926
471,16,7,7781,7785,7786,7816,7815,-0.40816249799517246,2.035548025,1.186754420012016,0.25,0.5925925925925926
472,16,8,7782,7786,7787,7817,7816,-0.2923561539958621,2.035548025,1.1641951370711894,0.2857142857142857,0.5925925925925926
473,16,9,7783,7787,7788,7818,7817,-0.1765498099965518,2.035548025,1.1363632659165481,0.32142857142857145,0.5925925925925926
474,16,10,7784,7788,7789,7819,7818,-0.06074346599724145,2.035548025,1.1068918151748033,0.35714285714285715,0.5925925925925926
475,16,11,7785,7789,7790,7820,7819,0.05506287800206888,2.035548025,1.0796644225822338,0.39285714285714285,0.5925925925925926
476,16,12,7786,7790,7791,7821,7820,0.17086922200137922,2.035548025,1.0583117191412066,0.42857142857142855,0.5925925925925926
477,16,13,7787,7791,7792,7822,7821,0.28667556600068955,2.035548025,1.0438075173051586,0.4642857142857143,0.5925925925925926
478,16,14,7788,7792,7793,7823,7822,0.4024819099999999,2.035548025,1.0353545461406395,0.5,0.5925925925925926
479,16,15,7789,7793,7794,7824,7823,0.5182882539993102,2.035548025,1.0321971237004075,0.5357142857142857,0.5925925925925926
480,16,16,7790,7794,7795,7825,7824,0.6340945979986204,2.035548025,1.0326058023797609,0.5714285714285714,0.5925925925925926
481,16,17,7791,7795,7796,7826,7825,0.7499009419979309,2.035548025,1.03701996403279,0.6071428571428571,0.5925925925925926
482,16,18,7792,7796,7797,7827,7826,0.8657072859972412,2.035548025,1.047349995901813,0.6428571428571429,0.5925925925925926
483,16,19,7793,7797,7798,7828,7827,0.9815136299965515,2.035548025,1.0612563302152762,0.6785714285714286,0.5925925925925926
484,16,20,7794,7798,7799,7829,7828,1.0973199739958617,2.035548025,1.0749025751150787,0.7142857142857143,0.5925925925925926
485,16,21,7795,7799,7800,7830,7829,1.2131263179951721,2.035548025,1.085648040926161,0.75,0.5925925925925926
486,16,22,7796,7800,7801,7831,7830,1.3289326619944828,2.035548025,1.0906186714853043,0.7857142857142857,0.5925925925925926
487,16,23,7797,7801,7802,7832,7831,1.444739005993793,2.035548025,1.0896354302936473,0.8214285714285714,0.5925925925925926
488,16,24,7798,7802,7803,7833,7832,1.5605453499931032,2.035548025,1.0847319707819405,0.8571428571428571,0.5925925925925926
489,16,25,7799,7803,7804,7834,7833,1.6763516939924137,2.035548025,1.0789690749356053,0.8928571428571429,0.5925925925925926
490,16,26,7800,7804,7805,7835,7834,1.7921580379917241,2.035548025,1.0712432452615648,0.9285714285714286,0.5925925925925926
491,16,27,7801,7805,7806,7836,7835,1.9079643819910344,2.035548025,1.058792041545606,0.9642857142857143,0.5925925925925926
492,16,28,7802,7806,7807,7837,7836,2.0237707259903446,2.035548025,1.0450856815852712,1.0,0.5925925925925926
493,17,0,7803,7808,7809,7839,7838,-1.2188069059903448,2.139031555,1.025849440986427,0.0,0.6296296296296297
494,17,1,7804,7809,7810,7840,7839,-1.1030005619910346,2.139031555,1.0914601289003643,0.03571428571428571,0.6296296296296297
495,17,2,7805,7810,7811,7841,7840,-0.9871942179917241,2.139031555,1.1393735948049921,0.07142857142857142,0.6296296296296297
496,17,3,7806,7811,7812,7842,7841,-0.8713878739924139,2.139031555,1.1723801231070103,0.10714285714285714,0.6296296296296297
497,17,4,7807,7812,7813,7843,7842,-0.7555815299931035,2.139031555,1.1919965012150666,0.14285714285714285,0.6296296296296297
498,17,5,7808,7813,7814,7844,7843,-0.6397751859937932,2.139031555,1.1983538906996012,0.17857142857142858,0.6296296296296297
499,17,6,7809,7814,7815,7845,7844,-0.5239688419944828,2.139031555,1.1929815931771974,0.21428571428571427,0.6296296296296297
500,17,7,7810,7815,7816,7846,7845,-0.40816249799517246,2.139031555,1.178739384955266,0.25,0.6296296296296297
501,17,8,7811,7816,7817,7847,7846,-0.2923561539958621,2.139031555,1.1566742424784504,0.2857142857142857,0.6296296296296297
502,17,9,7812,7817,7818,7848,7847,-0.1765498099965518,2.139031555,1.1282638995881071,0.32142857142857145,0.6296296296296297
503,17,10,7813,7818,7819,7849,7848,-0.06074346599724145,2.139031555,1.097510394517644,0.35714285714285715,0.6296296296296297
504,17,11,7814,7819,7820,7850,7849,0.05506287800206888,2.139031555,1.069407419653261,0.39285714285714285,0.6296296296296297
505,17,12,7815,7820,7821,7851,7850,0.17086922200137922,2.139031555,1.0481868104786967,0.42857142857142855,0.6296296296296297
506,17,13,7816,7821,7822,7852,7851,0.28667556600068955,2.139031555,1.0338239901673203,0.4642857142857143,0.6296296296296297
507,17,14,7817,7822,7823,7853,7852,0.4024819099999999,2.139031555,1.0240773788652713,0.5,0.6296296296296297
508,17,15,7818,7823,7824,7854,7853,0.5182882539993102,2.139031555,1.0185081354008614,0.5357142857142857,0.6296296296296297
509,17,16,7819,7824,7825,7855,7854,0.6340945979986204,2.139031555,1.0168851389532039,0.5714285714285714,0.6296296296296297
510,17,17,7820,7825,7826,7856,7855,0.7499009419979309,2.139031555,1.0185785428033154,0.6071428571428571,0.6296296296296297
511,17,18,7821,7826,7827,7857,7856,0.8657072859972412,2.139031555,1.0243750866979555,0.6428571428571429,0.6296296296296297
512,17,19,7822,7827,7828,7858,7857,0.9815136299965515,2.139031555,1.0335894784765356,0.6785714285714286,0.6296296296296297
513,17,20,7823,7828,7829,7859,7858,1.0973199739958617,2.139031555,1.0432164273657938,0.7142857142857143,0.6296296296296297
514,17,21,7824,7829,7830,7860,7859,1.2131263179951721,2.139031555,1.0506091275374358,0.75,0.6296296296296297
515,17,22,7825,7830,7831,7861,7860,1.3289326619944828,2.139031555,1.0535076511868162,0.7857142857142857,0.6296296296296297
516,17,23,7826,7831,7832,7862,7861,1.444739005993793,2.139031555,1.0503527328739939,0.8214285714285714,0.6296296296296297
517,17,24,7827,7832,7833,7863,7862,1.5605453499931032,2.139031555,1.0414206848295617,0.8571428571428571,0.6296296296296297
518,17,25,7828,7833,7834,7864,7863,1.6763516939924137,2.139031555,1.030494117089677,0.8928571428571429,0.6296296296296297
519,17,26,7829,7834,7835,7865,7864,1.7921580379917241,2.139031555,1.0187661410317714,0.9285714285714286,0.6296296296296297
520,17,27,7830,7835,7836,7866,7865,1.9079643819910344,2.139031555,1.00260684058316,0.9642857142857143,0.6296296296296297
521,17,28,7831,7836,7837,7867,7866,2.0237707259903446,2.139031555,0.983539607583072,1.0,0.6296296296296297
522,18,0,7832,7838,7839,7869,7868,-1.2188069059903448,2.242515085,1.0228756404962656,0.0,0.6666666666666666
523,18,1,7833,7839,7840,7870,7869,-1.1030005619910346,2.242515085,1.0868191740077295,0.03571428571428571,0.6666666666666666
524,18,2,7834,7840,7841,7871,7870,-0.9871942179917241,2.242515085,1.1343419496640013,0.07142857142857142,0.6666666666666666
525,18,3,7835,7841,7842,7872,7871,-0.8713878739924139,2.242515085,1.1671845948158057,0.10714285714285714,0.6666666666666666
526,18,4,7836,7842,7843,7873,7872,-0.7555815299931035,2.242515085,1.1855483419814816,0.14285714285714285,0.6666666666666666
527,18,5,7837,7843,7844,7874,7873,-0.6397751859937932,2.242515085,1.1900997214359785,0.17857142857142858,0.6666666666666666
528,18,6,7838,7844,7845,7875,7874,-0.5239688419944828,2.242515085,1.1833895332601,0.21428571428571427,0.6666666666666666
529,18,7,7839,7845,7846,7876,7875,-0.40816249799517246,2.242515085,1.1686874385286483,0.25,0.6666666666666666
530,18,8,7840,7846,7847,7877,7876,-0.2923561539958621,2.242515085,1.1467001602009343,0.2857142857142857,0.6666666666666666
531,18,9,7841,7847,7848,7878,7877,-0.1765498099965518,2.242515085,1.118349083075025,0.32142857142857145,0.6666666666666666
532,18,10,7842,7848,7849,7879,7878,-0.06074346599724145,2.242515085,1.0874478780993186,0.35714285714285715,0.6666666666666666
533,18,11,7843,7849,7850,7880,7879,0.05506287800206888,2.242515085,1.059513589882529,0.39285714285714285,0.6666666666666666
534,18,12,7844,7850,7851,7881,7880,0.17086922200137922,2.242515085,1.038957594166121,0.42857142857142855,0.6666666666666666
535,18,13,7845,7851,7852,7882,7881,0.28667556600068955,2.242515085,1.0245229605418045,0.4642857142857143,0.6666666666666666
536,18,14,7846,7852,7853,7883,7882,0.4024819099999999,2.242515085,1.0130657682638686,0.5,0.6666666666666666
537,18,15,7847,7853,7854,7884,7883,0.5182882539993102,2.242515085,1.0048474650359598,0.5357142857142857,0.6666666666666666
538,18,16,7848,7854,7855,7885,7884,0.6340945979986204,2.242515085,1.000833844778574,0.5714285714285714,0.6666666666666666
539,18,17,7849,7855,7856,7886,7885,0.7499009419979309,2.242515085,1.0001882527817076,0.6071428571428571,0.6666666666666666
540,18,18,7850,7856,7857,7887,7886,0.8657072859972412,2.242515085,1.0025331279849006,0.6428571428571429,0.6666666666666666
541,18,19,7851,7857,7858,7888,7887,0.9815136299965515,2.242515085,1.007378412572689,0.6785714285714286,0.6666666666666666
542,18,20,7852,7858,7859,7889,7888,1.0973199739958617,2.242515085,1.0123558220497617,0.7142857142857143,0.6666666666666666
543,18,21,7853,7859,7860,7890,7889,1.2131263179951721,2.242515085,1.0149100500066845,0.75,0.6666666666666666
544,18,22,7854,7860,7861,7891,7890,1.3289326619944828,2.242515085,1.014088399945122,0.7857142857142857,0.6666666666666666
545,18,23,7855,7861,7862,7892,7891,1.444739005993793,2.242515085,1.0088483082019029,0.8214285714285714,0.6666666666666666
546,18,24,7856,7862,7863,7893,7892,1.5605453499931032,2.242515085,0.9979338057609318,0.8571428571428571,0.6666666666666666
547,18,25,7857,7863,7864,7894,7893,1.6763516939924137,2.242515085,0.983353417914919,0.8928571428571429,0.6666666666666666
548,18,26,7858,7864,7865,7895,7894,1.7921580379917241,2.242515085,0.9666634227885371,0.9285714285714286,0.6666666666666666
549,18,27,7859,7865,7866,7896,7895,1.9079643819910344,2.242515085,0.9455819233242265,0.9642857142857143,0.6666666666666666
550,18,28,7860,7866,7867,7897,7896,2.0237707259903446,2.242515085,0.9211758553893177,1.0,0.6666666666666666
551,19,0,7861,7868,7869,7899,7898,-1.2188069059903448,2.345998615,1.0206183908101345,0.0,0.7037037037037037
552,19,1,7862,7869,7870,7900,7899,-1.1030005619910346,2.345998615,1.083840297894182,0.03571428571428571,0.7037037037037037
553,19,2,7863,7870,7871,7901,7900,-0.9871942179917241,2.345998615,1.1306025469276708,0.07142857142857142,0.7037037037037037
554,19,3,7864,7871,7872,7902,7901,-0.8713878739924139,2.345998615,1.1624227878839242,0.10714285714285714,0.7037037037037037
555,19,4,7865,7872,7873,7903,7902,-0.7555815299931035,2.345998615,1.1791029127488,0.14285714285714285,0.7037037037037037
556,19,5,7866,7873,7874,7904,7903,-0.6397751859937932,2.345998615,1.1817360784622728,0.17857142857142858,0.7037037037037037
557,19,6,7867,7874,7875,7905,7904,-0.5239688419944828,2.345998615,1.173383563324523,0.21428571428571427,0.7037037037037037
558,19,7,7868,7875,7876,7906,7905,-0.40816249799517246,2.345998615,1.1573798141814053,0.25,0.7037037037037037
559,19,8,7869,7876,7877,7907,7906,-0.2923561539958621,2.345998615,1.134945807129322,0.2857142857142857,0.7037037037037037
560,19,9,7870,7877,7878,7908,7907,-0.1765498099965518,2.345998615,1.1072300918171654,0.32142857142857145,0.7037037037037037
561,19,10,7871,7878,7879,7909,7908,-0.06074346599724145,2.345998615,1.0773754488369822,0.35714285714285715,0.7037037037037037
562,19,11,7872,7879,7880,7910,7909,0.05506287800206888,2.345998615,1.0506029351292745,0.39285714285714285,0.7037037037037037
563,19,12,7873,7880,7881,7911,7910,0.17086922200137922,2.345998615,1.0308228071151966,0.42857142857142855,0.7037037037037037
564,19,13,7874,7881,7882,7912,7911,0.28667556600068955,2.345998615,1.0160446696655487,0.4642857142857143,0.7037037037037037
565,19,14,7875,7882,7883,7913,7912,0.4024819099999999,2.345998615,1.0029477074117146,0.5,0.7037037037037037
566,19,15,7876,7883,7884,7914,7913,0.5182882539993102,2.345998615,0.9919557498907008,0.5357142857142857,0.7037037037037037
567,19,16,7877,7884,7885,7915,7914,0.6340945979986204,2.345998615,0.9843505959284946,0.5714285714285714,0.7037037037037037
568,19,17,7878,7885,7886,7916,7915,0.7499009419979309,2.345998615,0.9803855015035715,0.6071428571428571,0.7037037037037037
569,19,18,7879,7886,7887,7917,7916,0.8657072859972412,2.345998615,0.9798607091609104,0.6428571428571429,0.7037037037037037
570,19,19,7880,7887,7888,7918,7917,0.9815136299965515,2.345998615,0.981774669133449,0.6785714285714286,0.7037037037037037
571,19,20,7881,7888,7889,7919,7918,1.0973199739958617,2.345998615,0.9837269525885265,0.7142857142857143,0.7037037037037037
572,19,21,7882,7889,7890,7920,7919,1.2131263179951721,2.345998615,0.9826267099772408,0.75,0.7037037037037037
573,19,22,7883,7890,7891,7921,7920,1.3289326619944828,2.345998615,0.9778815120278442,0.7857142857142857,0.7037037037037037
574,19,23,7884,7891,7892,7922,7921,1.444739005993793,2.345998615,0.9699261411105652,0.8214285714285714,0.7037037037037037
575,19,24,7885,7892,7893,7923,7922,1.5605453499931032,2.345998615,0.957009028125482,0.8571428571428571,0.7037037037037037
576,19,25,7886,7893,7894,7924,7923,1.6763516939924137,2.345998615,0.9390152221846527,0.8928571428571429,0.7037037037037037
577,19,26,7887,7894,7895,7925,7924,1.7921580379917241,2.345998615,0.9179161223906058,0.9285714285714286,0.7037037037037037
578,19,27,7888,7895,7896,7926,7925,1.9079643819910344,2.345998615,0.8930439174627562,0.9642857142857143,0.7037037037037037
579,19,28,7889,7896,7897,7927,7926,2.0237707259903446,2.345998615,0.8650162553075433,1.0,0.7037037037037037
580,20,0,7890,7898,7899,7929,7928,-1.2188069059903448,2.4494821449999997,1.0198044514210638,0.0,0.7407407407407407
581,20,1,7891,7899,7900,7930,7929,-1.1030005619910346,2.4494821449999997,1.08299645347198,0.03571428571428571,0.7407407407407407
582,20,2,7892,7900,7901,7931,7930,-0.9871942179917241,2.4494821449999997,1.1286113104346511,0.07142857142857142,0.7407407407407407
583,20,3,7893,7901,7902,7932,7931,-0.8713878739924139,2.4494821449999997,1.1584761664330034,0.10714285714285714,0.7407407407407407
584,20,4,7894,7902,7903,7933,7932,-0.7555815299931035,2.4494821449999997,1.1731075806492826,0.14285714285714285,0.7407407407407407
585,20,5,7895,7903,7904,7934,7933,-0.6397751859937932,2.4494821449999997,1.1742168708873408,0.17857142857142858,0.7407407407407407
586,20,6,7896,7904,7905,7935,7934,-0.5239688419944828,2.4494821449999997,1.1645426825582044,0.21428571428571427,0.7407407407407407
587,20,7,7897,7905,7906,7936,7935,-0.40816249799517246,2.4494821449999997,1.147029344536616,0.25,0.7407407407407407
588,20,8,7898,7906,7907,7937,7936,-0.2923561539958621,2.4494821449999997,1.1237764673391577,0.2857142857142857,0.7407407407407407
589,20,9,7899,7907,7908,7938,7937,-0.1765498099965518,2.4494821449999997,1.0965692289421511,0.32142857142857145,0.7407407407407407
590,20,10,7900,7908,7909,7939,7938,-0.06074346599724145,2.4494821449999997,1.0680944491584894,0.35714285714285715,0.7407407407407407
591,20,11,7901,7909,7910,7940,7939,0.05506287800206888,2.4494821449999997,1.0428323633038707,0.39285714285714285,0.7407407407407407
592,20,12,7902,7910,7911,7941,7940,0.17086922200137922,2.4494821449999997,1.023669448141845,0.42857142857142855,0.7407407407407407
593,20,13,7903,7911,7912,7942,7941,0.28667556600068955,2.4494821449999997,1.008415203111022,0.4642857142857143,0.7407407407407407
594,20,14,7904,7912,7913,7943,7942,0.4024819099999999,2.4494821449999997,0.9942399162224422,0.5,0.7407407407407407
595,20,15,7905,7913,7914,7944,7943,0.5182882539993102,2.4494821449999997,0.9811934489274037,0.5357142857142857,0.7407407407407407
596,20,16,7906,7914,7915,7945,7944,0.6340945979986204,2.4494821449999997,0.9704032843183299,0.5714285714285714,0.7407407407407407
597,20,17,7907,7915,7916,7946,7945,0.7499009419979309,2.4494821449999997,0.9629146497438111,0.6071428571428571,0.7407407407407407
598,20,18,7908,7916,7917,7947,7946,0.8657072859972412,2.4494821449999997,0.9590985001609095,0.6428571428571429,0.7407407407407407
599,20,19,7909,7917,7918,7948,7947,0.9815136299965515,2.4494821449999997,0.9583463957521449,0.6785714285714286,0.7407407407407407
600,20,20,7910,7918,7919,7949,7948,1.0973199739958617,2.4494821449999997,0.9585846908277922,0.7142857142857143,0.7407407407407407
601,20,21,7911,7919,7920,7950,7949,1.2131263179951721,2.4494821449999997,0.9565334913105354,0.75,0.7407407407407407
602,20,22,7912,7920,7921,7951,7950,1.3289326619944828,2.4494821449999997,0.9496464186143512,0.7857142857142857,0.7407407407407407
603,20,23,7913,7921,7922,7952,7951,1.444739005993793,2.4494821449999997,0.938464586233203,0.8214285714285714,0.7407407407407407
604,20,24,7914,7922,7923,7953,7952,1.5605453499931032,2.4494821449999997,0.9233208671042789,0.8571428571428571,0.7407407407407407
605,20,25,7915,7923,7924,7954,7953,1.6763516939924137,2.4494821449999997,0.9030520220318294,0.8928571428571429,0.7407407407407407
606,20,26,7916,7924,7925,7955,7954,1.7921580379917241,2.4494821449999997,0.8791070846740219,0.9285714285714286,0.7407407407407407
607,20,27,7917,7925,7926,7956,7955,1.9079643819910344,2.4494821449999997,0.8516646773095011,0.9642857142857143,0.7407407407407407
608,20,28,7918,7926,7927,7957,7956,2.0237707259903446,2.4494821449999997,0.8195173743748227,1.0,0.7407407407407407
609,21,0,7919,7928,7929,7959,7958,-1.2188069059903448,2.552965675,1.0203618160636072,0.0,0.7777777777777778
610,21,1,7920,7929,7930,7960,7959,-1.1030005619910346,2.552965675,1.0834808223846872,0.03571428571428571,0.7777777777777778
611,21,2,7921,7930,7931,7961,7960,-0.9871942179917241,2.552965675,1.127388499555042,0.07142857142857142,0.7777777777777778
612,21,3,7922,7931,7932,7962,7961,-0.8713878739924139,2.552965675,1.1548640950745015,0.10714285714285714,0.7777777777777778
613,21,4,7923,7932,7933,7963,7962,-0.7555815299931035,2.552965675,1.1675561352684296,0.14285714285714285,0.7777777777777778
614,21,5,7924,7933,7934,7964,7963,-0.6397751859937932,2.552965675,1.1677562748256483,0.17857142857142858,0.7777777777777778
615,21,6,7925,7934,7935,7965,7964,-0.5239688419944828,2.552965675,1.1573148735086627,0.21428571428571427,0.7777777777777778
616,21,7,7926,7935,7936,7966,7965,-0.40816249799517246,2.552965675,1.1384587638201737,0.25,0.7777777777777778
617,21,8,7927,7936,7937,7967,7966,-0.2923561539958621,2.552965675,1.1142565861212719,0.2857142857142857,0.7777777777777778
618,21,9,7928,7937,7938,7968,7967,-0.1765498099965518,2.552965675,1.0872857478513822,0.32142857142857145,0.7777777777777778
619,21,10,7929,7938,7939,7969,7968,-0.06074346599724145,2.552965675,1.0600173324651334,0.35714285714285715,0.7777777777777778
620,21,11,7930,7939,7940,7970,7969,0.05506287800206888,2.552965675,1.0359853579011533,0.39285714285714285,0.7777777777777778
621,21,12,7931,7940,7941,7971,7970,0.17086922200137922,2.552965675,1.0171062147965462,0.42857142857142855,0.7777777777777778
622,21,13,7932,7941,7942,7972,7971,0.28667556600068955,2.552965675,1.0014479810924761,0.4642857142857143,0.7777777777777778
623,21,14,7933,7942,7943,7973,7972,0.4024819099999999,2.552965675,0.9867376658907845,0.5,0.7777777777777778
624,21,15,7934,7943,7944,7974,7973,0.5182882539993102,2.552965675,0.9726804551636883,0.5357142857142857,0.7777777777777778
625,21,16,7935,7944,7945,7975,7974,0.6340945979986204,2.552965675,0.9600809431127784,0.5714285714285714,0.7777777777777778
626,21,17,7936,7945,7946,7976,7975,0.7499009419979309,2.552965675,0.950008883851397,0.6071428571428571,0.7777777777777778
627,21,18,7937,7946,7947,7977,7976,0.8657072859972412,2.552965675,0.9430706437002903,0.6428571428571429,0.7777777777777778
628,21,19,7938,7947,7948,7978,7977,0.9815136299965515,2.552965675,0.9392871389488566,0.6785714285714286,0.7777777777777778
629,21,20,7939,7948,7949,7979,7978,1.0973199739958617,2.552965675,0.9375638348701765,0.7142857142857143,0.7777777777777778
630,21,21,7940,7949,7950,7980,7979,1.2131263179951721,2.552965675,0.9352256941026553,0.75,0.7777777777777778
631,21,22,7941,7950,7951,7981,7980,1.3289326619944828,2.552965675,0.9281926304438534,0.7857142857142857,0.7777777777777778
632,21,23,7942,7951,7952,7982,7981,1.444739005993793,2.552965675,0.9156394241491491,0.8214285714285714,0.7777777777777778
633,21,24,7943,7952,7953,7983,7982,1.5605453499931032,2.552965675,0.8994124447171964,0.8571428571428571,0.7777777777777778
634,21,25,7944,7953,7954,7984,7983,1.6763516939924137,2.552965675,0.8787821656103966,0.8928571428571429,0.7777777777777778
635,21,26,7945,7954,7955,7985,7984,1.7921580379917241,2.552965675,0.8538549496403656,0.9285714285714286,0.7777777777777778
636,21,27,7946,7955,7956,7986,7985,1.9079643819910344,2.552965675,0.8244006584783067,0.9642857142857143,0.7777777777777778
637,21,28,7947,7956,7957,7987,7986,2.0237707259903446,2.552965675,0.7870231636392223,1.0,0.7777777777777778
638,22,0,7948,7958,7959,7989,7988,-1.2188069059903448,2.656449205,1.0214565258292683,0.0,0.8148148148148148
639,22,1,7949,7959,7960,7990,7989,-1.1030005619910346,2.656449205,1.0842491369775265,0.03571428571428571,0.8148148148148148
640,22,2,7950,7960,7961,7991,7990,-0.9871942179917241,2.656449205,1.126098770876057,0.07142857142857142,0.8148148148148148
641,22,3,7951,7961,7962,7992,7991,-0.8713878739924139,2.656449205,1.1510329674391915,0.10714285714285714,0.8148148148148148
642,22,4,7952,7962,7963,7993,7992,-0.7555815299931035,2.656449205,1.1621894084810416,0.14285714285714285,0.8148148148148148
643,22,5,7953,7963,7964,7994,7993,-0.6397751859937932,2.656449205,1.1618962570094342,0.17857142857142858,0.8148148148148148
644,22,6,7954,7964,7965,7995,7994,-0.5239688419944828,2.656449205,1.1510522873470934,0.21428571428571427,0.8148148148148148
645,22,7,7955,7965,7966,7996,7995,-0.40816249799517246,2.656449205,1.1313238411501654,0.25,0.8148148148148148
646,22,8,7956,7966,7967,7997,7996,-0.2923561539958621,2.656449205,1.1063831074835386,0.2857142857142857,0.8148148148148148
647,22,9,7957,7967,7968,7998,7997,-0.1765498099965518,2.656449205,1.079460957106025,0.32142857142857145,0.8148148148148148
648,22,10,7958,7968,7969,7999,7998,-0.06074346599724145,2.656449205,1.0530366611306294,0.35714285714285715,0.8148148148148148
649,22,11,7959,7969,7970,8000,7999,0.05506287800206888,2.656449205,1.0297763920407126,0.39285714285714285,0.8148148148148148
650,22,12,7960,7970,7971,8001,8000,0.17086922200137922,2.656449205,1.010813792985343,0.42857142857142855,0.8148148148148148
651,22,13,7961,7971,7972,8002,8001,0.28667556600068955,2.656449205,0.9947238716922125,0.4642857142857143,0.8148148148148148
652,22,14,7962,7972,7973,8003,8002,0.4024819099999999,2.656449205,0.9797328506349163,0.5,0.8148148148148148
653,22,15,7963,7973,7974,8004,8003,0.5182882539993102,2.656449205,0.9652883217091055,0.5357142857142857,0.8148148148148148
654,22,16,7964,7974,7975,8005,8004,0.6340945979986204,2.656449205,0.9519251028140414,0.5714285714285714,0.8148148148148148
655,22,17,7965,7975,7976,8006,8005,0.7499009419979309,2.656449205,0.9405817706586027,0.6071428571428571,0.8148148148148148
656,22,18,7966,7976,7977,8007,8006,0.8657072859972412,2.656449205,0.9318149948043049,0.6428571428571429,0.8148148148148148
657,22,19,7967,7977,7978,8008,8007,0.9815136299965515,2.656449205,0.9258633330075388,0.6785714285714286,0.8148148148148148
658,22,20,7968,7978,7979,8009,8008,1.0973199739958617,2.656449205,0.9222472561694821,0.7142857142857143,0.8148148148148148
659,22,21,7969,7979,7980,8010,8009,1.2131263179951721,2.656449205,0.9191265254889864,0.75,0.8148148148148148
660,22,22,7970,7980,7981,8011,8010,1.3289326619944828,2.656449205,0.9130618786863157,0.7857142857142857,0.8148148148148148
661,22,23,7971,7981,7982,8012,8011,1.444739005993793,2.656449205,0.9011944646178919,0.8214285714285714,0.8148148148148148
662,22,24,7972,7982,7983,8013,8012,1.5605453499931032,2.656449205,0.884032399800826,0.8571428571428571,0.8148148148148148
663,22,25,7973,7983,7984,8014,8013,1.6763516939924137,2.656449205,0.8630206621335721,0.8928571428571429,0.8148148148148148
664,22,26,7974,7984,7985,8015,8014,1.7921580379917241,2.656449205,0.8386397319908659,0.9285714285714286,0.8148148148148148
665,22,27,7975,7985,7986,8016,8015,1.9079643819910344,2.656449205,0.8093299917461745,0.9642857142857143,0.8148148148148148
666,22,28,7976,7986,7987,8017,8016,2.0237707259903446,2.656449205,0.7690975133517117,1.0,0.8148148148148148
667,23,0,7977,7988,7989,8019,8018,-1.2188069059903448,2.759932735,1.0212512311387054,0.0,0.8518518518518519
668,23,1,7978,7989,7990,8020,8019,-1.1030005619910346,2.759932735,1.0843414126783546,0.03571428571428571,0.8518518518518519
669,23,2,7979,7990,7991,8021,8020,-0.9871942179917241,2.759932735,1.1247646249715768,0.07142857142857142,0.8518518518518519
670,23,3,7980,7991,7992,8022,8021,-0.8713878739924139,2.759932735,1.1475906422254416,0.10714285714285714,0.8518518518518519
671,23,4,7981,7992,7993,8023,8022,-0.7555815299931035,2.759932735,1.1573099495423333,0.14285714285714285,0.8518518518518519
672,23,5,7982,7993,7994,8024,8023,-0.6397751859937932,2.759932735,1.1565599175914145,0.17857142857142858,0.8518518518518519
673,23,6,7983,7994,7995,8025,8024,-0.5239688419944828,2.759932735,1.1454196963477603,0.21428571428571427,0.8518518518518519
674,23,7,7984,7995,7996,8026,8025,-0.40816249799517246,2.759932735,1.1251329373248435,0.25,0.8518518518518519
675,23,8,7985,7996,7997,8027,8026,-0.2923561539958621,2.759932735,1.099718702206999,0.2857142857142857,0.8518518518518519
676,23,9,7986,7997,7998,8028,8027,-0.1765498099965518,2.759932735,1.0727604045645587,0.32142857142857145,0.8518518518518519
677,23,10,7987,7998,7999,8029,8028,-0.06074346599724145,2.759932735,1.0467931074607708,0.35714285714285715,0.8518518518518519
678,23,11,7988,7999,8000,8030,8029,0.05506287800206888,2.759932735,1.0238182451532065,0.39285714285714285,0.8518518518518519
679,23,12,7989,8000,8001,8031,8030,0.17086922200137922,2.759932735,1.0045957761954296,0.42857142857142855,0.8518518518518519
680,23,13,7990,8001,8002,8032,8031,0.28667556600068955,2.759932735,0.9881786122057035,0.4642857142857143,0.8518518518518519
681,23,14,7991,8002,8003,8033,8032,0.4024819099999999,2.759932735,0.9731357483608091,0.5,0.8518518518518519
682,23,15,7992,8003,8004,8034,8033,0.5182882539993102,2.759932735,0.9587278650313327,0.5357142857142857,0.8518518518518519
683,23,16,7993,8004,8005,8035,8034,0.6340945979986204,2.759932735,0.9452813271155961,0.5714285714285714,0.8518518518518519
684,23,17,7994,8005,8006,8036,8035,0.7499009419979309,2.759932735,0.9336860505081312,0.6071428571428571,0.8518518518518519
685,23,18,7995,8006,8007,8037,8036,0.8657072859972412,2.759932735,0.9246155465366384,0.6428571428571429,0.8518518518518519
686,23,19,7996,8007,8008,8038,8037,0.9815136299965515,2.759932735,0.9183662655211975,0.6785714285714286,0.8518518518518519
687,23,20,7997,8008,8009,8039,8038,1.0973199739958617,2.759932735,0.9145092758501068,0.7142857142857143,0.8518518518518519
688,23,21,7998,8009,8010,8040,8039,1.2131263179951721,2.759932735,0.9114589908433854,0.75,0.8518518518518519
689,23,22,7999,8010,8011,8041,8040,1.3289326619944828,2.759932735,0.9063320011401448,0.7857142857142857,0.8518518518518519
690,23,23,8000,8011,8012,8042,8041,1.444739005993793,2.759932735,0.8954587689537687,0.8214285714285714,0.8518518518518519
691,23,24,8001,8012,8013,8043,8042,1.5605453499931032,2.759932735,0.8779444118399473,0.8571428571428571,0.8518518518518519
692,23,25,8002,8013,8014,8044,8043,1.6763516939924137,2.759932735,0.8562677779353989,0.8928571428571429,0.8518518518518519
693,23,26,8003,8014,8015,8045,8044,1.7921580379917241,2.759932735,0.8321484903476561,0.9285714285714286,0.8518518518518519
694,23,27,8004,8015,8016,8046,8045,1.9079643819910344,2.759932735,0.8039394466983741,0.9642857142857143,0.8518518518518519
695,23,28,8005,8016,8017,8047,8046,2.0237707259903446,2.759932735,0.7643393360253489,1.0,0.8518518518518519
696,24,0,8006,8018,8019,8049,8048,-1.2188069059903448,2.863416265,1.0197648672313795,0.0,0.8888888888888888
697,24,1,8007,8019,8020,8050,8049,-1.1030005619910346,2.863416265,1.0835666881775614,0.03571428571428571,0.8888888888888888
698,24,2,8008,8020,8021,8051,8050,-0.9871942179917241,2.863416265,1.1238395722225893,0.07142857142857142,0.8888888888888888
699,24,3,8009,8021,8022,8052,8051,-0.8713878739924139,2.863416265,1.1451877078645127,0.10714285714285714,0.8888888888888888
700,24,4,8010,8022,8023,8053,8052,-0.7555815299931035,2.863416265,1.1534098989176442,0.14285714285714285,0.8888888888888888
701,24,5,8011,8023,8024,8054,8053,-0.6397751859937932,2.863416265,1.151756744554176,0.17857142857142858,0.8888888888888888
702,24,6,8012,8024,8025,8055,8054,-0.5239688419944828,2.863416265,1.1400221928547807,0.21428571428571427,0.8888888888888888
703,24,7,8013,8025,8026,8056,8055,-0.40816249799517246,2.863416265,1.1193047881739586,0.25,0.8888888888888888
704,24,8,8014,8026,8027,8057,8056,-0.2923561539958621,2.863416265,1.093745598606182,0.2857142857142857,0.8888888888888888
705,24,9,8015,8027,8028,8058,8057,-0.1765498099965518,2.863416265,1.0669270773292312,0.32142857142857145,0.8888888888888888
706,24,10,8016,8028,8029,8059,8058,-0.06074346599724145,2.863416265,1.0412151550559186,0.35714285714285715,0.8888888888888888
707,24,11,8017,8029,8030,8060,8059,0.05506287800206888,2.863416265,1.018241291741508,0.39285714285714285,0.8888888888888888
708,24,12,8018,8030,8031,8061,8060,0.17086922200137922,2.863416265,0.9987156546322031,0.42857142857142855,0.8888888888888888
709,24,13,8019,8031,8032,8062,8061,0.28667556600068955,2.863416265,0.9821692785238931,0.4642857142857143,0.8888888888888888
710,24,14,8020,8032,8033,8063,8062,0.4024819099999999,2.863416265,0.9673987550627372,0.5,0.8888888888888888
711,24,15,8021,8033,8034,8064,8063,0.5182882539993102,2.863416265,0.9534584765739045,0.5357142857142857,0.8888888888888888
712,24,16,8022,8034,8035,8065,8064,0.6340945979986204,2.863416265,0.9403526782826622,0.5714285714285714,0.8888888888888888
713,24,17,8023,8035,8036,8066,8065,0.7499009419979309,2.863416265,0.9289853670361488,0.6071428571428571,0.8888888888888888
714,24,18,8024,8036,8037,8067,8066,0.8657072859972412,2.863416265,0.9203302838003368,0.6428571428571429,0.8888888888888888
715,24,19,8025,8037,8038,8068,8067,0.9815136299965515,2.863416265,0.9146471479551019,0.6785714285714286,0.8888888888888888
716,24,20,8026,8038,8039,8069,8068,1.0973199739958617,2.863416265,0.911477254904683,0.7142857142857143,0.8888888888888888
717,24,21,8027,8039,8040,8070,8069,1.2131263179951721,2.863416265,0.9091519295533911,0.75,0.8888888888888888
718,24,22,8028,8040,8041,8071,8070,1.3289326619944828,2.863416265,0.905019171005453,0.7857142857142857,0.8888888888888888
719,24,23,8029,8041,8042,8072,8071,1.444739005993793,2.863416265,0.8959074413968502,0.8214285714285714,0.8888888888888888
720,24,24,8030,8042,8043,8073,8072,1.5605453499931032,2.863416265,0.8802365402756401,0.8571428571428571,0.8888888888888888
721,24,25,8031,8043,8044,8074,8073,1.6763516939924137,2.863416265,0.8590934549870086,0.8928571428571429,0.8888888888888888
722,24,26,8032,8044,8045,8075,8074,1.7921580379917241,2.863416265,0.8345840479157539,0.9285714285714286,0.8888888888888888
723,24,27,8033,8045,8046,8076,8075,1.9079643819910344,2.863416265,0.8064219529603924,0.9642857142857143,0.8888888888888888
724,24,28,8034,8046,8047,8077,8076,2.0237707259903446,2.863416265,0.7688135990013786,1.0,0.8888888888888888
725,25,0,8035,8048,8049,8079,8078,-1.2188069059903448,2.966899795,1.0183880632083295,0.0,0.9259259259259259
726,25,1,8036,8049,8050,8080,8079,-1.1030005619910346,2.966899795,1.0828483812191596,0.03571428571428571,0.9259259259259259
727,25,2,8037,8050,8051,8081,8080,-0.9871942179917241,2.966899795,1.122872657860612,0.07142857142857142,0.9259259259259259
728,25,3,8038,8051,8052,8082,8081,-0.8713878739924139,2.966899795,1.1432514394949806,0.10714285714285714,0.9259259259259259
729,25,4,8039,8052,8053,8083,8082,-0.7555815299931035,2.966899795,1.1503308965117345,0.14285714285714285,0.9259259259259259
730,25,5,8040,8053,8054,8084,8083,-0.6397751859937932,2.966899795,1.1478393094359036,0.17857142857142858,0.9259259259259259
731,25,6,8041,8054,8055,8085,8084,-0.5239688419944828,2.966899795,1.1354382358579382,0.21428571428571427,0.9259259259259259
732,25,7,8042,8055,8056,8086,8085,-0.40816249799517246,2.966899795,1.1142765685745935,0.25,0.9259259259259259
733,25,8,8043,8056,8057,8087,8086,-0.2923561539958621,2.966899795,1.088810466049503,0.2857142857142857,0.9259259259259259
734,25,9,8044,8057,8058,8088,8087,-0.1765498099965518,2.966899795,1.0622732858274953,0.32142857142857145,0.9259259259259259
735,25,10,8045,8058,8059,8089,8088,-0.06074346599724145,2.966899795,1.036561997490883,0.35714285714285715,0.9259259259259259
736,25,11,8046,8059,8060,8090,8089,0.05506287800206888,2.966899795,1.0134940615475376,0.39285714285714285,0.9259259259259259
737,25,12,8047,8060,8061,8091,8090,0.17086922200137922,2.966899795,0.9939649599568439,0.42857142857142855,0.9259259259259259
738,25,13,8048,8061,8062,8092,8091,0.28667556600068955,2.966899795,0.9776352350653119,0.4642857142857143,0.9259259259259259
739,25,14,8049,8062,8063,8093,8092,0.4024819099999999,2.966899795,0.9633614153473979,0.5,0.9259259259259259
740,25,15,8050,8063,8064,8094,8093,0.5182882539993102,2.966899795,0.950050584965163,0.5357142857142857,0.9259259259259259
741,25,16,8051,8064,8065,8095,8094,0.6340945979986204,2.966899795,0.9373937817722303,0.5714285714285714,0.9259259259259259
742,25,17,8052,8065,8066,8096,8095,0.7499009419979309,2.966899795,0.9263052897428152,0.6071428571428571,0.9259259259259259
743,25,18,8053,8066,8067,8097,8096,0.8657072859972412,2.966899795,0.9179665011179426,0.6428571428571429,0.9259259259259259
744,25,19,8054,8067,8068,8098,8097,0.9815136299965515,2.966899795,0.9124165338315899,0.6785714285714286,0.9259259259259259
745,25,20,8055,8068,8069,8099,8098,1.0973199739958617,2.966899795,0.909072952439222,0.7142857142857143,0.9259259259259259
746,25,21,8056,8069,8070,8100,8099,1.2131263179951721,2.966899795,0.9068848530466684,0.75,0.9259259259259259
747,25,22,8057,8070,8071,8101,8100,1.3289326619944828,2.966899795,0.9037861935923284,0.7857142857142857,0.9259259259259259
748,25,23,8058,8071,8072,8102,8101,1.444739005993793,2.966899795,0.897163798079549,0.8214285714285714,0.9259259259259259
749,25,24,8059,8072,8073,8103,8102,1.5605453499931032,2.966899795,0.8851094389598853,0.8571428571428571,0.9259259259259259
750,25,25,8060,8073,8074,8104,8103,1.6763516939924137,2.966899795,0.8667062485373769,0.8928571428571429,0.9259259259259259
751,25,26,8061,8074,8075,8105,8104,1.7921580379917241,2.966899795,0.8425522083234854,0.9285714285714286,0.9259259259259259
752,25,27,8062,8075,8076,8106,8105,1.9079643819910344,2.966899795,0.8140433932720585,0.9642857142857143,0.9259259259259259
753,25,28,8063,8076,8077,8107,8106,2.0237707259903446,2.966899795,0.7783836008510109,1.0,0.9259259259259259
754,26,0,8064,8078,8079,8109,8108,-1.2188069059903448,3.070383325,1.0196020107828883,0.0,0.9629629629629629
755,26,1,8065,8079,8080,8110,8109,-1.1030005619910346,3.070383325,1.0835007275155621,0.03571428571428571,0.9629629629629629
756,26,2,8066,8080,8081,8111,8110,-0.9871942179917241,3.070383325,1.122321854859683,0.07142857142857142,0.9629629629629629
757,26,3,8067,8081,8082,8112,8111,-0.8713878739924139,3.070383325,1.1420509398758785,0.10714285714285714,0.9629629629629629
758,26,4,8068,8082,8083,8113,8112,-0.7555815299931035,3.070383325,1.1484771617350282,0.14285714285714285,0.9629629629629629
759,26,5,8069,8083,8084,8114,8113,-0.6397751859937932,3.070383325,1.1457581477672185,0.17857142857142858,0.9629629629629629
760,26,6,8070,8084,8085,8115,8114,-0.5239688419944828,3.070383325,1.1332260697077174,0.21428571428571427,0.9629629629629629
761,26,7,8071,8085,8086,8116,8115,-0.40816249799517246,3.070383325,1.1118254006686312,0.25,0.9629629629629629
762,26,8,8072,8086,8087,8117,8116,-0.2923561539958621,3.070383325,1.0862801038293792,0.2857142857142857,0.9629629629629629
763,26,9,8073,8087,8088,8118,8117,-0.1765498099965518,3.070383325,1.0595983501954587,0.32142857142857145,0.9629629629629629
764,26,10,8074,8088,8089,8119,8118,-0.06074346599724145,3.070383325,1.0334902074654815,0.35714285714285715,0.9629629629629629
765,26,11,8075,8089,8090,8120,8119,0.05506287800206888,3.070383325,1.0102307584337806,0.39285714285714285,0.9629629629629629
766,26,12,8076,8090,8091,8121,8120,0.17086922200137922,3.070383325,0.9909280175629854,0.42857142857142855,0.9629629629629629
767,26,13,8077,8091,8092,8122,8121,0.28667556600068955,3.070383325,0.9751063491446141,0.4642857142857143,0.9629629629629629
768,26,14,8078,8092,8093,8123,8122,0.4024819099999999,3.070383325,0.9614368525316902,0.5,0.9629629629629629
769,26,15,8079,8093,8094,8124,8123,0.5182882539993102,3.070383325,0.9486736702756831,0.5357142857142857,0.9629629629629629
770,26,16,8080,8094,8095,8125,8124,0.6340945979986204,3.070383325,0.9365000829579007,0.5714285714285714,0.9629629629629629
771,26,17,8081,8095,8096,8126,8125,0.7499009419979309,3.070383325,0.9257510740047856,0.6071428571428571,0.9629629629629629
772,26,18,8082,8096,8097,8127,8126,0.8657072859972412,3.070383325,0.9174799287427486,0.6428571428571429,0.9629629629629629
773,26,19,8083,8097,8098,8128,8127,0.9815136299965515,3.070383325,0.9115408796284608,0.6785714285714286,0.9629629629629629
774,26,20,8084,8098,8099,8129,8128,1.0973199739958617,3.070383325,0.907343123967978,0.7142857142857143,0.9629629629629629
775,26,21,8085,8099,8100,8130,8129,1.2131263179951721,3.070383325,0.9044519877980163,0.75,0.9629629629629629
776,26,22,8086,8100,8101,8131,8130,1.3289326619944828,3.070383325,0.9015328679876551,0.7857142857142857,0.9629629629629629
777,26,23,8087,8101,8102,8132,8131,1.444739005993793,3.070383325,0.8967463835260296,0.8214285714285714,0.9629629629629629
778,26,24,8088,8102,8103,8133,8132,1.5605453499931032,3.070383325,0.888290806217338,0.8571428571428571,0.9629629629629629
779,26,25,8089,8103,8104,8134,8133,1.6763516939924137,3.070383325,0.8734841107432444,0.8928571428571429,0.9629629629629629
780,26,26,8090,8104,8105,8135,8134,1.7921580379917241,3.070383325,0.8505608929252644,0.9285714285714286,0.9629629629629629
781,26,27,8091,8105,8106,8136,8135,1.9079643819910344,3.070383325,0.8222393067230757,0.9642857142857143,0.9629629629629629
782,26,28,8092,8106,8107,8137,8136,2.0237707259903446,3.070383325,0.7880332186171612,1.0,0.9629629629629629
783,27,0,8093,8108,8109,8139,8138,-1.2188069059903448,3.173866855,1.0250622496343358,0.0,1.0
784,27,1,8094,8109,8110,8140,8139,-1.1030005619910346,3.173866855,1.0888223011139335,0.03571428571428571,1.0
785,27,2,8095,8110,8111,8141,8140,-0.9871942179917241,3.173866855,1.1258240065313831,0.07142857142857142,1.0
786,27,3,8096,8111,8112,8142,8141,-0.8713878739924139,3.173866855,1.144169304903546,0.10714285714285714,1.0
787,27,4,8097,8112,8113,8143,8142,-0.7555815299931035,3.173866855,1.1495613021531612,0.14285714285714285,1.0
788,27,5,8098,8113,8114,8144,8143,-0.6397751859937932,3.173866855,1.146690558869344,0.17857142857142858,1.0
789,27,6,8099,8114,8115,8145,8144,-0.5239688419944828,3.173866855,1.1343721003760812,0.21428571428571427,1.0
790,27,7,8100,8115,8116,8146,8145,-0.40816249799517246,3.173866855,1.1129272923643936,0.25,1.0
791,27,8,8101,8116,8117,8147,8146,-0.2923561539958621,3.173866855,1.0869022248051665,0.2857142857142857,1.0
792,27,9,8102,8117,8118,8148,8147,-0.1765498099965518,3.173866855,1.0594756601069395,0.32142857142857145,1.0
793,27,10,8103,8118,8119,8149,8148,-0.06074346599724145,3.173866855,1.0327396120194168,0.35714285714285715,1.0
794,27,11,8104,8119,8120,8150,8149,0.05506287800206888,3.173866855,1.0090715749199992,0.39285714285714285,1.0
795,27,12,8105,8120,8121,8151,8150,0.17086922200137922,3.173866855,0.9896847698983872,0.42857142857142855,1.0
796,27,13,8106,8121,8122,8152,8151,0.28667556600068955,3.173866855,0.9741358495804375,0.4642857142857143,1.0
797,27,14,8107,8122,8123,8153,8152,0.4024819099999999,3.173866855,0.960895296560188,0.5,1.0
798,27,15,8108,8123,8124,8154,8153,0.5182882539993102,3.173866855,0.9485920014632064,0.5357142857142857,1.0
799,27,16,8109,8124,8125,8155,8154,0.6340945979986204,3.173866855,0.9369583244739048,0.5714285714285714,1.0
800,27,17,8110,8125,8126,8156,8155,0.7499009419979309,3.173866855,0.9266493419673091,0.6071428571428571,1.0
801,27,18,8111,8126,8127,8157,8156,0.8657072859972412,3.173866855,0.9184693104913754,0.6428571428571429,1.0
802,27,19,8112,8127,8128,8158,8157,0.9815136299965515,3.173866855,0.9122066879928596,0.6785714285714286,1.0
803,27,20,8113,8128,8129,8159,8158,1.0973199739958617,3.173866855,0.907317566972226,0.7142857142857143,1.0
804,27,21,8114,8129,8130,8160,8159,1.2131263179951721,3.173866855,0.9034323627752577,0.75,1.0
805,27,22,8115,8130,8131,8161,8160,1.3289326619944828,3.173866855,0.8997619006016919,0.7857142857142857,1.0
806,27,23,8116,8131,8132,8162,8161,1.444739005993793,3.173866855,0.8954069073495436,0.8214285714285714,1.0
807,27,24,8117,8132,8133,8163,8162,1.5605453499931032,3.173866855,0.8890583220855786,0.8571428571428571,1.0
808,27,25,8118,8133,8134,8164,8163,1.6763516939924137,3.173866855,0.876760739838547,0.8928571428571429,1.0
809,27,26,8119,8134,8135,8165,8164,1.7921580379917241,3.173866855,0.8552357937225292,0.9285714285714286,1.0
810,27,27,8120,8135,8136,8166,8165,1.9079643819910344,3.173866855,0.8276892294434582,0.9642857142857143,1.0
811,27,28,8121,8136,8137,8167,8166,2.0237707259903446,3.173866855,0.7939799615383129,1.0,1.0
